F1,F2,F3,F4,F5,F6,F7,F8,F9,F10,F11,F12,F13,F14,F15,F16,F17,F18,F19,F20,F21,F22,F23,F24,F25,F26,F27,F28,F29,F30,F31,F32,F33,F34,F35,F36,Label
9.7945,7.6308,6.7975,21.429,10.779,16.799,4.906,13.313,20.278,19.999,14.849,17.908,8.7879,17.307,7.9286,14.206,3.5102,15.3,28.482,8.5969,10.814,24.417,10.406,19.162,11.555,9.5065,5.6017,11.885,15.186,4.5134,19.197,8.5483,16.021,9.7104,21.952,1,Corona
14.329,9.1268,20.569,11.039,24.768,17.236,6.1275,10.956,15.007,22.482,20.443,7.6638,11.671,13.172,20.234,10.441,14.134,11.783,25.717,9.4442,1.218,7.1086,12.191,18.245,26.34,2.4375,19.009,7.8119,15.155,6.6721,12.036,5.7421,26.551,9.078,8.8298,1,Corona
16.785,19.572,10.409,7.3624,18.781,9.8414,16.738,1.8601,11.041,15.444,16.239,19.598,1.6443,17.366,9.8035,7.1873,15.926,8.9563,12.193,5.0422,8.5013,2.9798,6.1531,10.329,4.1987,13.003,21.026,8.1526,10.828,2.95,6.0246,12.351,15.492,1.0631,4.9303,1,Corona
19.625,3.8484,12.995,3.7845,5.928,11.149,9.1469,10.696,6.7094,10.209,13.802,11.25,6.29,12.636,8.3365,21.435,14.235,12.027,4.5194,8.2263,5.6307,19.766,7.8911,1.619,0.96551,4.4748,7.7818,2.0588,6.8212,8.3369,6.0237,8.7833,8.2063,5.0577,3.6157,1,Corona
13.179,1.0802,17.914,5.8709,16.012,13.374,10.653,16.482,17.725,8.4783,2.2752,10.581,8.7828,16.229,9.07,13.328,13.397,3.1579,4.4288,17.306,18.388,13.758,11.022,8.6036,10.504,11.41,18.134,6.6335,25.313,2.3802,16.093,8.0299,5.4353,16.65,12.696,1,Corona
12.628,9.1063,16.686,12.571,18.765,15.29,14.921,15.397,9.5234,32.633,15.478,10.144,18.555,14.024,30.266,13.157,16.656,13.459,4.9389,12.364,3.8276,18.605,19.532,5.506,10.71,6.4357,1.5478,14.381,6.7999,14.605,17.935,11.865,4.641,6.1627,7.4979,1,Corona
1.3053,9.4244,9.4384,9.6632,11.63,7.8174,17.883,8.976,8.4003,16.325,9.3961,10.767,33.947,12.838,14.426,20.878,15.392,6.6641,5.4809,12.955,22.15,5.1251,15.983,11.072,17.624,6.5792,7.336,9.1949,14.349,13.47,3.9584,6.3641,11.387,6.1217,9.7427,1,Corona
25.973,12.825,10.694,2.9192,9.2763,9.651,9.4713,19.232,22.717,8.084,22.206,33.625,6.6637,13.735,25.22,10.084,18.79,8.7566,11.418,8.6734,18.424,11.095,7.2879,8.8872,4.7228,15.649,12.149,11.115,4.002,22.431,3.8599,1.7593,10.631,13.883,8.2252,1,Corona
16.55,22.209,12.345,4.3616,13.586,18.252,30.121,9.0875,15.178,7.5691,7.9621,16.367,15.267,17.54,19.836,18.904,16.184,5.9094,19.567,11.612,18.569,4.3973,17.55,8.7081,16.458,15.982,8.5131,10.7,21.682,12.658,18.083,19.643,10.204,6.5134,9.2739,1,Corona
8.3427,13.044,13.609,3.8594,10.329,4.8405,8.5998,38.936,11.798,15.593,10.14,17.662,20.344,30.638,8.4065,5.3527,24.361,1.7632,4.8669,18.815,11.117,25.793,22.248,8.6045,13.944,14.825,16.615,7.8812,3.9271,5.8354,5.8768,17.944,12.83,7.1696,6.7463,1,Corona
14.82,20.782,7.1043,12.737,23.287,7.4652,10.713,10.647,5.6642,17.124,17.013,7.0646,13.046,9.4659,27.952,7.6483,15.006,9.6949,4.2962,8.9923,11.479,9.4841,20.28,8.4175,6.1388,1.7251,6.7657,8.8211,4.601,4.2428,17.58,14.289,11.589,12.843,14.627,1,Corona
6.4098,13.635,14.988,2.6507,19.236,14.083,4.98,14.678,10.466,6.2994,22.633,13.904,26.529,9.3127,11.039,3.2071,13.765,12.305,24.67,8.6196,18.861,18.475,12.169,8.7084,15.028,6.7704,5.6844,12.327,19.68,6.8725,34.667,12.342,6.2331,11.419,16.51,1,Corona
5.6944,1.007,2.4721,8.6199,11.405,8.6636,19.639,19.131,2.1836,11.387,18.271,13.459,15.041,20.322,22.241,16.771,13.593,10.96,3.1482,13.728,1.4163,32.052,16.307,13.885,1.6867,17.276,14.383,19.518,11.399,5.259,12.495,30.581,15.656,7.8439,15.842,1,Corona
5.276,23.692,29.431,17.292,14.767,14.454,7.0464,20.864,19.341,14.069,21.674,9.8486,25.256,13.018,5.5305,10.646,15.377,24.771,17.783,23.909,4.7131,11.447,10.935,10.676,6.3446,20.184,32.952,18.346,11.21,17.61,12.218,18.125,15.569,16.209,1.4698,1,Corona
9.6238,2.8975,23.605,37.242,22.782,13.812,5.3355,29.292,13.967,19.864,29,16.856,15.068,22.972,13.993,11.658,7.3477,9.6089,11.605,5.4957,11.481,6.3316,11.509,7.2234,1.831,25.941,14.102,25.115,9.0736,12.679,10.564,15.483,9.1106,9.026,23.006,1,Corona
2.2548,9.0038,20.314,33.637,7.3533,5.7091,10.075,8.1914,33.436,16.225,37.964,17.192,25.059,8.436,25.126,14.554,15.661,7.3435,7.8505,10.696,14.204,30.932,14.64,21.963,8.1821,31.248,13.797,7.5799,11.593,9.1164,13.194,26.674,21.976,12.506,15.427,1,Corona
2.9053,25.136,7.2569,15.028,14.947,22.241,5.7501,4.6734,16.275,19.972,5.0017,12.032,11.803,12.249,13.943,13.405,11.689,10.786,8.2383,12.859,3.8852,22.223,10.08,9.0613,17.443,10.918,10.226,13.512,7.4804,22.952,27.859,28.831,8.9016,10.756,14.31,1,Corona
18.948,23.255,14.816,7.5689,17.305,26.789,32.109,17.237,31.514,6.8044,14.526,14.763,11.534,31.393,11.442,13.026,10.272,38.939,48.06,6.926,13.283,8.4934,11.384,25.995,10.906,24.887,22.457,19.688,24.448,24.517,21.151,19.745,21.972,7.0188,16.815,1,Corona
4.2319,16.736,12.226,12.168,3.3883,14.592,16.625,17.267,27.744,5.1761,23.865,23.083,9.0837,25.441,16.432,4.1762,15.547,10.254,18.83,31.288,9.8972,9.6316,6.1911,19.394,7.7875,19.027,24.515,2.7663,23.032,24.491,15.581,28.778,23.457,4.92,32.715,1,Corona
10.224,6.9287,25.675,12.006,8.1536,8.7808,18.518,20.053,18.894,1.8016,7.4402,22.624,3.0327,24.921,6.4533,16.105,2.5037,7.079,13.241,13.12,21.73,6.8639,10.592,13.787,18.566,12.263,10.359,9.8815,16.053,15.767,14.707,5.4994,11.577,18.203,18.575,1,Corona
10.921,19.593,7.8594,17.163,14.92,5.7984,6.6257,17.904,7.3507,20.253,11.361,16.721,13.771,10.587,3.4392,24.824,12.237,12.85,2.3178,35.025,10.434,4.4869,7.8322,17.558,8.1309,29.974,11.972,40.162,11.386,16.079,10.48,16.013,2.3857,15.312,19.203,1,Corona
11.922,7.3294,19.96,10.781,1.8784,7.8338,20.511,31.606,19.997,20.448,15.827,14.437,16.008,13.534,16.685,10.282,4.9598,11.305,8.3912,28.084,2.3608,10.241,12.102,33.334,22.01,4.7831,17.13,25.525,21.191,5.7291,14.037,13.58,15.404,10.839,4.6438,1,Corona
8.3966,9.9935,6.0637,19.54,21.058,17.536,10.629,19.108,12.016,24.131,14.96,32.373,29.37,6.9873,17.327,15.153,4.9665,24.621,7.6245,16.092,13.639,6.35,7.0908,3.1325,5.5401,14.417,15.944,22.613,9.8079,18.808,5.9034,14.42,2.5395,18.359,14.261,1,Corona
11.208,13.933,16.942,5.01,14.849,22.737,14.393,13.945,16.114,13.568,11.526,2.1092,8.8152,5.2423,30.244,8.0688,16.946,12.439,28.763,8.484,8.2402,11.851,11.395,5.6379,30.779,25.845,20.213,16.64,9.8678,4.4261,3.3224,10.899,25.312,20.77,11.392,1,Corona
36.461,27.8,24.951,15.485,14.938,7.827,34.157,22.915,15.266,33.766,4.1933,23.324,21.688,10.253,17.514,16.005,2.8569,20.413,1.9323,23.061,10.086,14.53,5.6103,13.842,10.89,24.833,22.371,18.57,31.676,31.451,20.719,6.1158,14.079,23.97,11.167,1,Corona
12.919,6.1372,12.204,29.67,33.443,5.6617,6.1095,19.536,6.8187,27.456,6.3452,12.632,26.557,8.031,27.456,1.0707,4.2064,15.39,16.296,14.477,13.288,14.354,7.5069,11.385,13.918,16.385,5.6349,6.0281,19.208,16.127,34.709,10.31,32.85,18.52,14.807,1,Corona
3.405,15.115,14.272,10.074,8.3505,19.396,25.31,11.872,3.0915,12.333,11.47,11.614,5.1578,25.949,4.2769,8.3269,10.557,24.544,6.0865,10.807,10.083,3.0249,10.3,30.16,7.0514,5.1403,20.767,33.688,18.227,20.259,19.289,4.6896,9.4324,12.964,19.926,1,Corona
11.665,13.944,17.107,21.353,10.75,34.045,12.672,8.9834,23.311,7.1585,21.584,20.867,23.498,27.576,11.346,15.15,20.615,29.03,7.9069,25.322,18.175,7.9648,16.786,14.795,18.723,11.059,6.1523,32.118,11.096,14.943,13.503,23.962,10.229,28.403,17.001,1,Corona
17.322,17.12,8.524,9.4479,15.231,8.0493,10.293,18.024,7.9743,6.4043,24.271,7.5046,21.933,6.691,17.874,20.579,6.8964,4.7074,16.113,4.1903,11.145,10.066,26.235,16.685,14.677,6.8352,13.958,3.7588,17.995,3.2471,20.666,5.6798,7.6523,19.588,8.6593,1,Corona
16.502,11.204,16.415,23.706,11.569,29.368,8.8173,6.0123,7.7336,10.658,13.784,15.455,22.152,17.884,14.894,20.493,10.369,19.983,19.385,20.122,2.2527,23.782,24.737,24.815,24.083,9.6914,8.2748,27.773,7.0169,16.276,8.5268,20.932,9.6219,13.703,14.145,1,Corona
9.4756,24.384,8.1264,22.947,31.796,10.451,16.355,16.035,19.338,8.7518,13.67,21.406,41.294,18.279,9.4628,9.041,21.299,18.784,18.092,13.059,7.6542,25.012,19.938,23.387,35.665,22.771,20.145,6.3804,14.189,6.1184,11.555,10.575,10.235,21.104,18.783,1,Corona
3.8276,7.6745,18.087,17.441,19.326,13.529,22.514,3.9875,20.462,11.176,6.0977,13.599,2.6846,18.382,15.816,24.583,2.4651,10.438,3.9699,11.091,27.89,8.2972,13.909,12.691,23.319,12.316,14.806,13.669,15.48,15.694,29.545,11.776,5.7149,34.119,7.2337,1,Corona
3.3268,23.379,13.408,22.988,14.65,25.954,23.182,14.666,9.5729,4.4632,9.299,24.347,12.613,19.621,9.7681,15.655,10.235,22.164,11.494,32.044,41.375,25.093,24.135,11.37,24.712,29.71,26.574,19.573,24.39,24.75,20.327,25.721,31.121,11.52,16.42,1,Corona
10.93,14.885,9.0259,16.376,4.3494,8.8484,26.984,17.08,20.927,29.584,8.2803,12.841,9.3955,8.9012,9.8588,17.488,9.631,5.6161,9.7282,5.7288,7.7412,14.525,9.3447,10.842,7.914,2.1095,19.989,20.759,16.612,16.805,5.5453,20.069,9.1664,19.473,8.3405,1,Corona
19.513,13.766,19.63,7.7694,19.089,20.366,8.5959,37.172,12.908,19.832,40.078,10.921,14.907,28.715,17.87,17.511,17.906,2.0127,16.759,20.78,30.566,8.3859,24.632,18.494,17.972,25.049,23.031,9.6938,44.378,20.128,15.835,7.0345,5.4369,10.65,33.377,1,Corona
0.49985,4.1654,5.8203,32.965,19.773,13.525,9.0967,16.01,15.509,16.819,30.679,26.395,14.347,22.682,13.642,15.746,25.091,16.794,14.005,8.283,27.095,5.5466,37.494,26.518,9.9579,20.52,14.879,29.592,17.592,15.427,21.878,10.967,18.918,7.6379,7.1249,1,Corona
19.878,7.2301,17.224,9.2628,37.694,16.43,31.482,14.994,29.024,29.262,12.018,7.4887,20.41,2.8261,20.697,19.736,31.987,32.056,23.312,4.8095,29.826,19.417,22.915,22.141,26.968,23.843,8.593,13.295,22.198,13.099,10.869,17.665,7.4406,10.724,17.674,1,Corona
2.8323,17.8,25.174,7.9142,8.9725,12.733,3.8411,9.6592,19.727,1.0669,14.422,12.087,20.221,1.2014,16.734,30.161,14.385,16.209,27.24,12.639,8.7621,6.5398,3.1201,8.003,13.337,28.474,18.96,6.8898,23.341,6.8518,20.378,2.0257,15.295,24.365,19.743,1,Corona
9.5325,27.429,11.88,12.739,6.2934,19.856,11.328,9.1748,13.862,2.1762,10.242,32.533,25.2,6.7916,9.1664,9.96,21.929,10.884,30.178,5.3873,5.7756,2.2005,13.922,10.111,13.238,33.411,11.197,2.5127,13.803,16.988,13.003,30.099,14.583,18.923,19.551,1,Corona
11.542,15.386,13.298,26.249,6.8483,7.0655,20.337,14.723,5.3218,24.419,18.793,26.709,21.581,43.115,15.058,24.829,15.733,42.434,1.5383,10.164,21.5,16.487,28.134,5.6868,16.78,14.912,27.618,9.7785,8.1997,30.704,37.146,19.498,43.839,17.143,16.275,1,Corona
26.347,30.74,44.284,12.816,3.6722,24.285,13.916,11.65,7.3649,18.413,17.273,34.422,2.481,9.0597,23.154,32.295,21.579,11.323,26.561,20.727,13.87,40.525,0.94146,19.261,17.094,14.754,26.38,9.4193,24.469,25.281,14.804,24.953,13.085,25.867,29.653,1,Corona
7.9835,13.776,50.996,13.316,9.2699,28.472,22.787,4.8335,25.339,21.755,11.699,27.449,16.495,8.7731,3.0786,11.251,28.734,26.799,25.122,6.7999,36.079,16.258,34.028,8.5113,5.8068,25.692,12.077,37.837,5.4325,13.997,6.517,8.2036,15.295,3.975,28.862,1,Corona
2.992,16.196,6.9508,13.69,13.193,11.384,1.8604,14.56,13.027,5.2757,15.595,16.352,8.7396,11.756,10.319,16.35,3.5523,4.284,21.233,21.511,9.8828,7.0013,8.6136,15.201,20.083,2.2937,13.97,3.1018,7.1204,16.859,13.365,22.937,11.874,10.13,10.415,1,Corona
22.992,24.112,10.127,9.8573,15.237,9.8035,21.218,28.042,23.567,14.088,18.28,6.8706,23.618,18.738,7.7841,40.04,16.148,15.152,14.06,15.125,30.103,20.185,42.474,7.0276,18.388,12.527,13.033,21.13,18.512,18.167,11.052,22.533,23.701,15.287,18.594,1,Corona
13.309,26.116,18.469,16.508,30.025,16.486,18.154,47.197,8.128,25.895,21.942,11.171,14.967,11.318,38.492,18.639,20.99,17.315,23.204,14.812,41.579,26.257,21.619,15.834,17.881,14.528,9.8208,19.81,26.084,23.552,9.8147,13.368,32.375,11.276,21.05,1,Corona
31.843,29.439,30.378,13.259,13.809,20.147,1.805,14.915,7.5201,23.159,16.926,9.1694,30.887,10.297,7.466,15.754,19.802,31.358,20.996,17.61,16.014,18.176,16.19,30.079,13.759,12.23,39.103,42.254,3.684,27.865,8.5788,22.35,20.675,32.809,17.501,1,Corona
8.0752,14.386,4.9409,5.632,25.704,29.599,21.657,12.747,30.852,17.268,26.907,34.034,25.192,8.1951,21.834,13.354,15.774,23.015,24.732,15.5,26.06,10.159,9.0344,3.4771,24.761,18.367,9.7515,27.393,17.132,27.107,33.436,16.903,6.7351,13.69,22.612,1,Corona
4.7944,7.869,7.4953,10.063,13.147,7.5269,27.346,5.2586,16.147,5.1694,17.014,18.384,15.713,1.6355,16.004,12.349,12.484,4.5627,17.562,13.724,14.118,11.16,12.518,10.748,22.61,15.797,15.38,21.596,20.007,12.125,7.3268,16.702,22.799,20.6,16.711,1,Corona
38.749,10.048,30.784,17.675,23.028,10.923,4.6888,35.6,3.2197,5.1974,19.954,7.3128,25.606,11.419,25.377,11.607,33.805,30.001,20.076,15.333,4.5224,18.812,32.378,27.939,15.385,53.412,25.916,8.4294,25.546,14.615,24.491,36.814,27.321,26.48,18.516,1,Corona
1.2144,21.924,2.9141,38.78,34.116,7.137,17.356,40.495,23.546,9.8134,22.274,31.984,24.898,25.251,31.215,34.04,15.671,43.272,40.987,23.861,18.788,27.327,10.479,20.806,28.352,21.411,40.238,15.582,8.8523,26.243,28.393,12.816,9.5207,30.662,32.847,1,Corona
37.877,11.846,16.406,20.34,20.112,30.616,32.431,28.761,20.192,29.178,24.2,31.374,13.217,26.871,18.838,8.7428,30.377,53.477,19.528,27.181,32.579,21.868,40.172,9.9687,27.727,38.031,30.855,32.909,19.005,10.501,28.37,12.667,17.133,17.745,20.272,1,Corona
21.552,28.458,3.7869,21.167,1.4161,27.511,15.536,27.166,36.605,9.5461,23.255,30.684,20.548,45.409,18.028,41.052,14.47,14.635,19.51,24.124,35.257,6.8476,38.003,17.874,13.409,42.87,11.34,13.246,17.936,36.42,39.553,20.629,26.415,22.404,25.874,1,Corona
26.833,42.966,19.513,20.627,28.581,30.143,47.843,26.979,11.084,23.171,20.728,22.139,13.813,12.165,22.259,24.582,11.45,14.051,25.814,9.1176,17.408,27.678,17.479,26.244,8.9004,15.738,15.648,7.8731,18.131,6.5587,15.052,17.834,25.369,32.586,48.689,1,Corona
28.202,23.936,40.848,10.059,17.06,25.529,5.9076,37.284,37.111,10.518,17.276,24.265,32.948,73.271,18.362,18.054,11.382,22.396,7.9101,20.419,21.253,39.997,27.968,7.591,34.763,35.804,36.631,23.987,42.987,20.629,34.552,18.177,37.819,29.511,24.833,1,Corona
12.104,29.317,17.284,8.1278,6.5718,18.197,15.34,22.521,47.58,11.072,8.9368,39.519,18.056,22.431,34.011,7.1458,26.503,18.896,11.857,19.923,4.9319,9.5492,22.458,35.526,6.3785,32.588,45.311,36.594,22.565,8.3368,8.11,8.7219,23.288,36.018,36.565,1,Corona
43.754,14.974,8.9232,41.505,16.918,17.732,19.687,33.29,27.468,32.416,8.8725,21.283,3.9271,26.168,18.646,15.727,13.728,10.995,21.867,9.6984,12.625,11.763,15.79,6.3927,11.324,30.874,16.28,5.1391,22.117,37.905,27.765,24.946,26.096,11.68,43.44,1,Corona
18.147,17.817,21.56,37.664,6.7873,38.688,17.022,47.86,41.603,17.359,42.614,24.174,23.289,35.737,42.353,20.18,11.183,39.31,29.099,14.436,29.449,36.631,18.723,22.203,32.768,16.781,12.441,32.566,34.779,24.033,40.223,24.524,36.146,23.401,40.024,1,Corona
38.375,41.741,28.462,46.205,26.557,9.518,28.993,36.387,45.394,29.161,6.0404,36.844,40.014,59.461,15.983,22.056,10.055,23.205,33.05,9.37,22.445,6.7479,5.3114,25.038,28.727,6.9067,47.16,41.045,29.919,29.355,44.562,26.769,8.8702,3.4824,11.052,1,Corona
27.496,21.959,15.088,23.903,2.3632,27.793,15.259,17.538,57.627,19.431,13.501,9.4061,26.718,8.7165,36.733,37.153,61.976,7.1036,24.568,47.082,3.5798,50.678,27.984,15.722,4.4068,26.28,16.009,5.3316,27.204,20.2,22.21,21.806,32.207,16.806,13.108,1,Corona
43.895,34.316,11.085,51.228,19.714,14.837,23.262,11.451,36.953,28.89,40.733,17.049,32.066,12.382,65.268,15.539,30.775,2.0385,14.774,35.717,24.096,20.24,71.977,16.512,25.567,47.265,24.531,79.085,21.533,12.615,21.554,0.99618,29.169,16.262,55.747,1,Corona
21.875,13.1,22.086,27.205,19.431,21.294,22.137,42.893,15.795,54.581,16.048,44.352,22.378,23.638,52.791,57.392,15.522,32.36,25.733,15.187,33.878,22.516,44.353,24.673,30.51,17.951,34.581,16.529,38.445,24.818,29.738,14.111,5.2349,29.777,18.497,1,Corona
18.739,34.69,1.8524,35.347,5.0076,13.544,28.614,16.231,25.642,30.801,56.006,2.1813,25.844,12.602,18.593,52.193,15.298,47.882,19.633,11.913,18.809,18.413,16.863,33.441,4.7585,25.552,10.687,6.2883,57.217,28.343,45.874,42.782,7.1322,36.671,32.634,1,Corona
0.9936,12.311,15.721,22.201,25.556,22.825,7.104,19.698,42.8,15.789,7.8487,18.734,20.616,2.2541,11.846,30.415,10.367,21.226,25.634,34.662,27.95,18.028,20.159,20.569,35.383,20.858,18.047,39.957,5.0974,33.182,52.793,8.4337,29.615,6.356,6.2797,1,Corona
61.727,36.553,24.448,28.047,25.405,21.637,15.016,20.229,28.96,10.988,12.559,20.962,19.71,47.783,22.638,9.1085,1.8787,2.3736,30.265,10.53,29.996,40.585,29.109,7.1697,33.237,42.77,22.9,21.226,27.465,35.815,23.909,58.523,32.678,28.152,18.18,1,Corona
13.838,11.092,20.24,29.064,16.235,25.03,11.729,16.557,10.622,54.004,42.953,27.258,28.88,8.1102,30.726,9.9247,7.9847,18.204,18.986,24.037,4.603,18.275,6.5887,29.194,18.105,28.845,1.0285,21.338,21.123,27.303,7.2696,19.782,12.981,26.68,9.9043,1,Corona
6.9411,59.489,39.083,14.442,4.2159,33.95,39.291,28.18,20.386,25.146,31.759,35.054,45.18,24.998,38.447,37.608,23.544,6.0862,16.389,23.254,15.724,9.9939,16.812,31.473,10.743,15.675,18.492,12.733,56.882,24.753,56.816,5.7435,45.688,24.332,38.718,1,Corona
7.8683,4.8956,11.673,9.5027,6.8431,15.862,34.28,25.115,70.11,22.12,15.918,13.232,35.338,4.7973,25.869,54.106,16.109,40.263,19.849,1.7557,56.195,9.8069,20.355,30.149,39.223,26.933,49.512,40.792,37.506,9.9333,16.458,23.508,33.664,42.123,7.8401,1,Corona
42.836,10.206,6.3904,18.341,31.1,27.536,33.555,26.093,12.683,11.263,51.576,30.864,26.409,25.664,25.142,38.822,20.302,13.318,2.8807,33.91,37.738,16.067,10.834,35.397,24.503,11.135,18.419,25.758,14.293,9.22,44.392,45.344,12.219,55.712,55.456,1,Corona
10.898,23.611,36.199,2.9033,20.525,24.482,30.536,21.163,20.858,33.239,43.616,29.284,46.845,41.035,31.279,9.5499,13.096,22.877,35.966,50.642,24.114,11.408,6.327,11.663,33.907,28.539,27.932,40.431,21.296,16.812,53.403,9.665,60.116,24.066,37.466,1,Corona
10.169,28.58,28.108,47.103,37.068,4.2265,29.647,5.8337,47.811,21.237,16.258,26.113,30.535,15.527,6.6862,16.979,31.153,8.463,20.6,28.954,44.991,7.9716,16.861,40.864,12.264,24.841,48.159,32.631,26.569,10.531,28.578,6.7122,16.056,6.6353,15.005,1,Corona
25.618,15.218,23.285,28.429,11.039,17.907,31.274,34.212,32.756,27.273,25.342,39.591,30.862,8.598,12.79,10.589,14.484,34.041,14.018,24.432,21.474,3.7738,36.925,5.5957,14.802,19.067,26.192,45.6,70.302,8.869,12.167,42.014,13.318,9.2293,37.301,1,Corona
0.85534,9.8947,32.942,39.972,66.424,9.5297,25.112,8.0212,50.139,41.227,5.0008,19.186,29.205,29.333,26.515,38.042,23.941,42.765,20.141,7.3892,3.0553,16.409,21.121,38.812,4.6335,10.545,8.4459,44.383,62.95,21.945,44.921,10.906,37.507,23.363,22.396,1,Corona
33.091,27.29,28.247,19.199,29.451,32.196,15.863,35.987,29.067,51.674,18.736,87.277,53.235,40.158,29.027,47.911,47.627,20.154,37.416,11.283,21.233,61.984,36.407,24.473,19.314,43.931,16.387,35.13,27.078,47.741,66.763,8.3786,61.802,40.281,9.6705,1,Corona
31.167,52.751,12.376,26.401,5.8995,12.719,27.551,4.8429,8.6441,21.656,39.827,23.426,40.982,9.0081,40.64,28.973,21.504,42.694,49.577,30.399,37.685,19.65,52.092,20.156,23.144,45.963,24.606,23.488,52.603,20.398,28.976,25.174,31.801,43.08,16,1,Corona
29.735,8.2754,13.365,21.199,36.299,44.908,17.412,10.676,5.3103,43.552,28.657,36.661,26.271,8.4063,38.658,24.068,48.129,29.167,45.803,32.031,33.308,8.649,32.889,8.2425,10.272,55.856,14.856,36.696,46.443,6.6457,17.526,49.186,68.101,47.593,12.517,1,Corona
4.7654,45.275,38.811,7.9497,26.51,5.2182,44.894,7.3742,12.245,13.253,29.841,35.928,34.859,39.574,46.678,31.73,21.462,3.4575,12.692,8.8461,33.212,22.718,33.089,38.61,9.1946,52.083,30.823,9.0041,7.922,8.7252,36.17,1.1159,49.145,27.697,12.543,1,Corona
19.444,86.171,43.407,30.979,22.201,73.272,49.786,33.024,23.132,31.68,32.368,34.013,32.769,32.253,25.631,17.13,39.259,41.149,33.531,42.257,22.075,42.148,21.295,31.37,39.804,19.395,14.609,36.942,28.547,19.524,9.2889,60.063,52.94,33.337,52.118,1,Corona
1.8689,8.1625,45.456,28.061,19.475,11.122,19.378,26.558,11.063,64.573,56.642,32.812,43.416,16.186,14.547,27.735,20.34,35.757,17.768,41.236,18.733,28.407,26.834,48.714,67.577,45.826,4.5661,54.345,18.951,24.959,19.541,26.97,44.755,0.72956,28.318,1,Corona
42.071,26.053,27.255,49.369,72.774,20.385,28.456,30.559,42.617,29.895,44.024,36.807,29.44,24.775,14.402,24.692,21.006,31.717,25.742,36.641,16.558,35.257,64.629,36.82,28.153,27.185,41.481,56.063,36.09,20.271,30.926,28.339,35.313,14.179,80.656,1,Corona
30.089,7.2492,70.556,13.783,58.424,53.459,15.286,27.013,26.75,22.193,40.128,30.431,52.169,23.257,58.513,10.413,44.817,29.292,17.763,51.349,55.773,24.519,80.188,34.397,16.846,31.558,16.754,26.887,14.037,15.649,29.467,6.2335,36.363,37.319,50.428,1,Corona
43.108,3.4864,20.758,60.364,58.559,50.62,12.168,29.168,45.558,63.469,20.595,44.853,74.326,59.338,56.741,52.096,20.793,36.636,34.797,35.363,23.747,42.464,56.579,8.9615,38.412,44.073,20.258,41.023,34.775,30.908,23.627,25.242,26.111,24.869,48.177,1,Corona
44.079,61.398,20.582,34.54,50.467,36.998,44.272,29.015,29.395,50.141,37.716,43.63,34.461,29.506,41.504,13.161,39.617,42.796,34.235,31.507,36.345,65.949,27.323,20.679,46.657,29.408,27.841,22.004,15.314,7.0654,26.638,23.133,40.584,42.866,29.615,1,Corona
37.978,5.2508,3.2646,34.751,40.968,28.531,63.36,49.765,38.571,32.049,19.82,42.072,16.02,28.703,61.104,8.0733,43.023,56.82,26.971,9.4878,23.414,20.709,32.483,27.982,28.113,23.301,39.583,30.833,21.059,109.68,28.493,41.114,50.284,2.8827,17.036,1,Corona
4.3594,73.618,21.195,87.304,20.919,50.798,11.171,19.316,46.797,28.806,11.219,32.281,29.303,62.156,56.753,42.328,66.174,40.171,12.763,18.282,37.212,42.867,25.972,15.985,37.366,83.756,34.226,25.809,21.165,34.776,31.398,34.107,30.536,22.886,20.694,1,Corona
2.0397,17.56,12.574,50.605,23.632,54.515,49.546,14.619,41.287,41.047,15.757,32.15,59.548,8.8375,77.419,36.255,31.219,2.9071,35.966,33.992,36.164,4.3145,36.627,24.378,28.475,19.648,46.107,25.678,52.063,12.642,45.043,34.235,48.278,47.903,24.227,1,Corona
14.399,16.917,9.03,38.68,29.414,10.811,11.89,22.237,18.852,9.0359,15.219,44.125,9.2282,21.624,23.396,8.8579,19.998,37.235,24.421,14.856,14.519,14.149,41.54,17.282,12.877,17.572,44.848,33.33,28.282,44.824,32.186,23.541,20.504,10.199,7.4857,1,Corona
99.763,32.996,15.128,17.339,33.048,27.447,29.67,52.126,11.21,17.887,30.098,13.769,33.707,48.114,52.437,108.17,58.252,45.47,12.22,7.128,31.253,27.535,38.574,48.695,17.326,20.061,12.265,37.416,41.754,28.192,46.077,67.248,25.026,57.597,67.918,1,Corona
2.2174,37.694,21.734,82.282,62.951,21.318,19.77,9.9676,55.277,39.515,22.623,39.548,36.55,4.7034,10.74,43.392,46.519,25.538,61.858,76.145,33.88,51.956,57.143,27.498,16.619,54.538,17.722,75.539,14.516,38.667,52.529,46.333,60.295,12.411,48.098,1,Corona
22.374,53.65,72.022,26.318,9.4554,24.774,2.5719,28.303,21.028,36.397,30.368,46.811,48.291,79.33,47.353,23.974,38.351,53.346,29.429,41.186,1.94,9.7664,66.376,17.277,26.513,63.633,33.676,48.136,43.089,47.219,34.84,10.93,54.456,27.436,34.426,1,Corona
59.527,26.76,31.748,50.913,28.451,73.958,49.884,52.641,53.163,22.143,24.905,9.659,82.362,12.732,18.363,9.255,8.4681,13.983,10.989,32.534,14.399,3.8829,32.274,40.078,32.483,10.214,21.252,33.127,54.796,33.283,55.233,20.511,39.677,54.271,30.471,1,Corona
35.915,68.942,18.13,13.871,23.167,67.01,51.444,61.009,44.785,27.471,48.07,25.872,33.47,32.259,20.23,36.286,69.425,90.519,13.286,28.654,42.154,48.975,15.382,105.26,10.72,60.546,76.485,26.249,59.689,6.493,26.845,43.838,30.221,40.04,92.144,1,Corona
36.697,89.281,14.924,35.38,70.567,87.478,80.075,26.753,35.731,46.301,30.861,9.2384,51.427,66.329,35.958,22.201,33.106,52.046,28.512,65.034,24.857,2.7146,32.187,57.304,32.575,35.805,25.152,18.478,15.51,8.6513,35.769,65.207,64.602,30.315,35.637,1,Corona
102.27,23.371,86.572,24.669,43.271,37.883,17.721,7.4022,7.1259,36.636,42.046,35.188,73.401,80.623,82.219,90.652,75.465,87.587,58.583,19.589,15.541,54.102,26.287,14.846,42.2,20.222,8.512,48.2,28.866,22.438,94.561,18.968,27.546,66.265,16.4,1,Corona
2.7836,51.568,75.113,77.596,43.005,27.42,66.978,99.841,49.95,39.574,91.159,74.952,14.636,52.173,37.91,80.767,104.51,48.66,65.864,42.737,67.138,52.493,39.624,55.785,70.932,28.436,59.899,26.054,35.057,52.412,43.991,21.246,36.625,45.79,72.192,1,Corona
7.4023,51.593,48.479,35.173,24.886,116.8,32.849,25.973,58.819,74.295,63.998,45.973,97.66,53.936,26.265,30.01,86.621,26.275,48.937,33.92,19.816,17.173,76.064,21.724,57.199,22.56,9.491,32.063,34.192,46.583,18.758,13.56,23.56,46.848,30.713,1,Corona
9.4303,10.535,51.422,28.629,13.617,97.107,54.838,31.553,41.126,80.789,54.86,93.117,47.946,16.545,52.283,14.486,84.137,53.061,104.69,63.566,36.073,34.54,19.526,33.124,57.652,68.461,47.456,111.72,30.422,29.231,110.08,34.794,38.998,48.89,38.492,1,Corona
8.1126,8.1976,7.5698,5.2443,1.5565,11.796,7.7491,12.393,6.4253,6.5618,10.276,7.5392,9.6421,2.4746,6.3808,6.2259,5.4593,2.6658,6.2937,1.7734,6.0672,3.9358,12.598,14.248,5.6604,12.278,5.3417,5.1196,3.812,4.493,14.274,8.5921,6.9504,3.5769,7.1411,1,Corona
13.666,34.077,59.922,14.17,72.375,62.846,59.299,23.741,30.026,36.024,24.66,52.999,21.017,49.876,19.698,75.489,47.848,4.521,63.429,84.118,51.597,44.159,76.448,28.782,118.22,18.536,106.8,67.908,57.395,37.666,52.194,80.992,44.951,27.898,11.13,1,Corona
9.4877,13.602,6.5828,5.9763,9.5879,14.986,6.7932,10.964,5.8984,1.7773,4.8342,3.2806,6.8545,14.338,9.2607,17.949,8.093,13.066,2.4675,9.9651,6.9291,2.8229,12.395,8.9099,6.079,12.953,12.074,13.207,14.252,12.899,2.6397,5.9473,8.6963,1.9174,13.073,1,Corona
14.09,9.7808,10.861,12.563,16.314,13.261,3.3297,8.6386,6.2095,21.85,2.6952,4.371,20.838,10.395,19.007,4.521,8.1607,10.057,7.0067,4.8215,2.8496,9.2071,3.4781,9.7256,11.798,14.887,12.11,7.5182,8.7087,10.792,10.587,1.3686,8.4003,2.9814,24.14,1,Corona
0.090409,4.3749,0.91128,5.188,2.6976,4.7764,3.1766,2.3908,5.6818,3.5319,1.8255,4.6122,3.3938,5.1812,3.608,3.6578,6.244,4.0504,7.0675,3.7848,2.8494,4.4533,3.2545,4.4718,1.7873,2.8032,9.6523,8.7361,1.6944,3.0826,2.7639,6.4146,2.9337,4.8455,3.5148,2,Surface
0.8186,5.3606,3.549,4.8622,2.0545,3.2457,0.77564,4.2097,3.1466,2.3983,5.4524,5.4338,4.1662,0.54759,4.3346,1.9368,4.7863,3.2176,5.3762,0.31052,2.518,3.5468,1.7749,1.7738,0.33636,2.822,1.6496,4.2672,3.9406,2.1045,1.9221,1.5735,3.4902,8.2113,2.8773,2,Surface
0.65538,6.2951,4.3537,1.5459,4.2388,2.0839,5.3793,3.0085,2.5644,3.8154,5.9616,1.6341,5.4982,3.5759,4.3511,3.7459,4.5057,0.96886,2.2459,5.6437,0.34141,4.7931,2.3119,3.7769,5.5032,2.0738,0.6501,4.0072,2.106,2.0077,2.7734,5.7868,2.8343,1.0176,0.71691,2,Surface
0.121,2.9901,3.2883,1.3251,5.3275,3.0898,4.9397,3.3729,2.675,2.2474,4.2767,4.4432,2.5385,2.4716,1.1022,6.7987,2.6955,6.6482,3.2303,2.0388,2.821,3.0817,4.0177,5.5342,3.4927,2.406,2.0306,5.8579,3.8299,4.9253,2.6345,1.6126,1.9838,5.3664,2.8868,2,Surface
4.5208,6.8139,2.0937,1.8764,4.1225,3.2177,2.3496,5.3834,2.7085,0.79802,3.3339,3.7279,0.9645,3.7437,8.4058,2.0777,4.7855,3.3993,1.9429,2.253,0.44774,2.0276,7.1367,2.9482,2.0596,2.4197,4.5615,3.8953,2.8599,3.3769,2.2828,3.9105,2.9105,1.5434,0.59405,2,Surface
3.7443,2.8133,4.8789,4.3554,3.1048,4.3836,3.0641,5.8073,3.7516,1.1002,3.0395,5.3731,3.0075,2.5254,0.72359,1.0186,2.9675,4.119,2.5672,2.3096,2.1499,4.4618,4.672,5.2662,3.7565,1.1323,5.3043,0.29234,3.7324,4.0792,2.8259,4.7154,5.1696,4.549,2.902,2,Surface
2.8196,0.78473,1.6658,4.5685,2.7832,1.6629,2.0366,5.3556,2.7516,1.7562,4.7017,2.0884,3.1078,3.4566,6.3049,5.0733,3.5436,2.4026,6.4607,2.7385,0.18733,5.4402,3.7128,2.181,4.2247,4.4491,2.2247,4.9502,2.2019,2.1177,3.2112,8.4501,1.7378,1.9032,1.2607,2,Surface
3.9608,4.797,5.8045,2.3462,1.9255,5.6569,2.7503,0.60199,3.7697,5.0383,4.4471,1.2019,2.1763,4.58,3.9277,0.45442,4.3358,5.9159,4.595,2.9426,4.5445,3.9428,3.3884,0.30008,2.6311,5.1375,4.6528,2.1099,3.4256,1.3265,3.6133,1.8727,6.2899,1.1622,4.2054,2,Surface
0.63366,2.2917,1.0664,1.1946,2.9527,1.2382,1.9561,2.4777,2.8475,5.005,5.3929,4.6512,4.8993,0.93224,0.98344,2.0238,4.1473,0.74176,4.3676,0.67888,3.6843,1.9194,1.7835,2.5235,4.5994,2.9231,4.0011,3.3539,5.2602,2.4363,3.3392,5.677,6.1517,2.2068,2.3385,2,Surface
2.9932,4.152,5.1961,1.9714,7.2127,4.1798,0.49395,1.8368,2.0269,4.004,2.6627,3.5325,4.2367,4.1215,2.6187,7.2882,6.5669,2.7015,4.5277,4.1582,1.4231,3.9765,4.0562,2.8904,1.0603,4.2242,0.57262,0.3566,2.1625,5.9147,2.6578,3.8658,1.2736,1.0597,3.9109,2,Surface
2.8798,4.128,1.6972,5.2466,1.3919,5.2371,6.1024,5.8006,1.9179,3.8771,2.8094,0.8808,4.0438,3.1437,8.2752,2.761,5.0096,3.0746,1.5845,3.2783,3.0524,2.825,3.0011,1.7837,4.434,6.3675,4.2136,3.0836,4.4847,3.005,5.5296,3.943,5.3098,3.3133,0.52301,2,Surface
2.2555,2.9333,2.5797,4.8248,4.4142,1.3748,1.2107,2.7215,9.0662,9.2724,2.4519,1.2694,3.3053,3.829,2.9575,3.9856,6.861,5.1987,7.5618,1.9004,3.6494,2.9143,4.6349,4.2323,3.7558,1.9693,5.8908,0.72787,4.6382,3.6293,5.7147,4.4184,4.9292,2.1545,1.6619,2,Surface
5.3482,0.60804,4.7169,4.0042,3.6665,2.2917,1.7149,2.1777,5.0052,0.48912,3.2953,3.2573,4.5666,0.61763,2.8544,1.7311,3.4633,3.2267,1.3944,4.3179,4.7555,1.9663,4.4531,1.3181,4.0638,3.662,4.2183,3.9507,4.1765,2.2159,5.2113,1.2824,4.068,6.0929,1.4301,2,Surface
0.11131,3.761,5.3575,3.4969,6.0778,4.3862,1.0677,4.3836,2.7757,3.6794,2.1966,4.9075,2.8735,5.1838,3.0271,5.19,1.0833,4.0233,5.2413,4.0507,5.8063,1.8078,3.0578,4.0063,7.4037,2.47,2.6415,4.5446,3.5474,4.1246,4.6814,4.6771,6.906,3.8911,2.4515,2,Surface
4.5254,4.2339,6.0859,2.594,5.402,0.53532,3.3108,4.597,5.2494,2.1534,4.9169,2.4203,2.7935,4.4393,11.698,3.0806,3.14,3.8241,4.5079,1.2625,3.7015,2.2443,6.9941,2.191,2.9595,7.2781,2.7135,4.6124,1.5047,7.6027,2.9039,2.139,3.3519,2.952,3.7211,2,Surface
1.7015,5.0743,2.0423,4.4487,9.904,4.7194,4.3757,5.1299,1.214,2.2273,4.3134,2.2525,6.7613,1.2975,2.2844,0.5538,2.9326,5.476,4.9428,3.7126,2.659,4.8559,5.3457,3.3624,2.7934,5.6773,0.92153,1.5942,5.5451,7.1774,2.1112,4.0271,1.7789,0.94155,3.5896,2,Surface
0.91892,2.0014,3.7369,3.8093,6.955,2.2639,4.0048,3.58,3.7653,4.2304,6.2323,5.0644,3.8319,1.7112,3.4376,3.0318,2.4935,4.6011,6.0395,3.5649,6.9905,1.1363,3.3648,1.1876,10.452,5.5846,3.156,2.0121,2.1568,0.29946,1.7284,3.1457,4.4108,2.4769,5.0804,2,Surface
0.75308,2.2168,5.7782,3.1585,2.9372,3.1359,4.9778,3.0479,4.5,2.5078,5.8998,2.0422,2.2021,2.8702,7.1859,2.3828,6.702,5.6711,5.5093,0.66762,4.4819,0.78646,6.8139,1.5461,5.0227,4.9572,4.6542,2.984,6.4221,2.8651,4.2713,4.677,2.159,7.4427,1.5972,2,Surface
8.3323,5.1125,2.8874,1.0449,4.1173,3.0174,4.1396,8.957,4.8601,7.9773,1.1778,5.5486,2.412,3.9602,2.662,4.4791,3.341,5.8231,6.1112,7.117,5.0417,5.4137,1.3003,2.8404,2.0824,3.9658,1.833,4.2319,3.1633,6.9103,3.653,5.4094,4.2406,3.7014,2.652,2,Surface
1.7476,1.1843,3.427,2.284,4.2498,7.6656,7.6647,1.5083,3.6654,1.72,6.2838,4.2845,3.8023,5.9215,9.6813,2.0939,1.404,1.8642,2.971,4.2822,2.9465,3.5201,3.1354,6.8529,1.3258,3.9295,5.9162,0.54697,4.8326,4.4762,4.903,4.0919,5.8255,5.2492,3.8247,2,Surface
3.5737,1.5811,2.8386,3.3119,2.9729,1.582,6.1893,1.1646,5.6401,2.5767,2.3761,8.044,2.1714,2.7711,2.2105,3.3438,3.8561,2.6082,2.9381,2.0769,1.5201,3.233,3.7386,0.77711,3.1826,8.9036,3.1834,2.3941,5.18,3.4216,3.594,3.5811,7.4482,2.0865,2.388,2,Surface
6.8724,7.9406,5.7043,7.2772,7.9228,2.417,2.5129,3.8283,2.3053,8.0259,2.5828,4.4431,2.0109,0.91521,3.4864,6.9274,3.7546,5.086,0.54844,4.2772,5.3194,3.1634,0.94538,2.0647,2.7651,3.1997,7.994,3.2246,5.2767,4.777,4.2324,4.0548,3.4867,3.3803,7.7082,2,Surface
4.032,0.91986,5.212,0.66391,5.3558,3.3022,2.6551,0.74031,3.8143,1.8106,2.9859,3.5678,4.0117,3.5168,2.6134,4.9587,0.74067,2.7245,2.6631,3.1664,4.1313,3.5386,1.5926,0.93395,4.0004,3.7631,3.3641,5.3721,1.4327,2.7918,3.1281,3.1664,0.70607,3.2307,2.0159,2,Surface
2.8859,1.307,4.1097,6.7751,3.5119,6.1705,3.071,4.1955,5.8062,2.38,5.7629,5.3287,4.4323,3.7992,4.2722,2.1679,8.2423,4.583,10.269,3.9161,3.3937,3.0973,3.6929,1.5055,8.3794,6.9149,1.4311,2.5822,4.0782,2.2692,3.0989,3.734,4.6223,1.2947,5.8193,2,Surface
1.8487,2.1479,6.7287,1.8293,2.411,4.1872,3.7598,3.3183,5.9599,1.709,7.6009,0.69279,4.7354,2.9217,2.5837,2.2286,5.6288,1.1429,5.3885,2.7541,7.027,2.3514,4.9586,4.0446,1.6304,3.8207,3.0691,4.4384,2.8259,4.9838,1.5191,4.457,2.1998,1.4475,8.3097,2,Surface
3.9592,6.2969,7.0999,3.3441,5.4973,3.8014,1.4564,7.2447,3.4955,3.5045,5.5374,7.8067,7.4805,7.0825,3.1283,3.2983,3.5496,5.0275,9.2258,5.3658,8.167,5.5864,8.6979,5.8363,5.4199,9.2353,4.4065,3.6945,7.9714,8.6732,8.4548,4.4147,3.6164,0.69717,1.0876,2,Surface
3.2002,0.54694,5.468,2.1838,4.6099,8.4964,1.9838,3.8812,0.78922,5.1442,3.6276,3.585,7.3509,1.6896,3.234,6.6809,2.8681,5.0325,2.0286,4.4998,6.7998,3.8527,2.9205,2.7593,5.5555,2.8464,3.5376,3.0796,3.3318,1.5198,2.94,2.8824,3.81,4.6227,1.2134,2,Surface
5.726,1.5254,4.8629,2.3125,2.8504,1.1821,2.6259,2.2453,9.2996,4.7941,4.3791,4.2087,1.5393,4.5081,3.5894,5.8614,3.9889,4.6905,6.1308,3.4139,4.7434,3.1313,0.29762,6.2025,0.53135,1.0675,4.084,0.88456,3.9067,5.1015,1.5511,5.6712,3.1459,3.632,3.3413,2,Surface
6.7147,1.0461,4.4036,0.95342,4.9121,2.2389,2.486,1.0476,3.3977,4.2548,9.0218,4.4664,4.5636,6.6153,4.1099,0.50036,5.1341,3.2312,2.5154,2.6856,2.8026,3.4446,4.0721,6.1519,2.7537,5.1026,2.7109,4.2817,0.32412,3.2692,3.5083,3.196,5.7481,3.936,8.5759,2,Surface
0.61218,1.9639,1.2273,2.082,4.2561,7.4941,2.0269,6.1025,4.6147,1.8765,4.6974,4.2064,7.9689,7.8422,4.1497,2.8378,3.3086,7.9266,1.0224,5.2072,3.289,1.5375,6.2248,0.51828,1.6469,2.1649,2.277,3.6773,2.112,5.9727,7.7366,2.2612,2.6188,1.1692,0.63498,2,Surface
8.7479,5.9722,3.3828,4.3022,3.3007,2.1545,4.1082,2.7356,1.6259,2.3738,3.2052,4.0052,2.8577,6.3006,2.4066,0.17907,2.9432,1.4458,3.6352,1.9729,5.1739,2.5489,4.0404,4.194,6.038,7.385,4.2974,2.0898,5.7997,4.3319,3.3424,4.2731,3.149,4.8402,3.7779,2,Surface
4.1847,3.3813,3.5087,3.956,2.5893,1.1302,5.8727,2.7395,6.4462,2.8939,1.2271,6.1181,6.1362,0.36888,2.92,4.2063,7.5267,6.6541,5.0243,2.4486,4.7622,1.6455,4.168,4.1964,3.0201,2.0872,4.5287,3.4269,3.4266,4.1489,6.4803,4.0495,3.4099,4.0888,2.2368,2,Surface
0.35417,1.9973,3.2055,8.49,3.2646,3.7846,9.59,0.78562,3.9453,2.2556,5.3767,7.0413,4.195,3.5114,3.481,2.2927,3.4237,1.6875,2.0122,2.9378,9.3994,3.0247,1.0238,7.9895,4.4975,3.109,3.3114,2.2846,3.3697,5.6663,6.4262,2.4212,5.6247,5.3308,3.1935,2,Surface
1.2385,3.2392,3.3112,8.6119,2.7406,2.6347,2.17,6.8681,4.7453,4.548,1.9773,1.3269,3.8633,5.6939,0.90371,5.854,4.5789,4.2801,5.2396,2.5863,3.2865,4.5835,3.0295,5.4181,3.5606,3.1763,0.40573,5.8423,4.541,1.095,6.171,4.6701,9.7844,1.5285,5.2284,2,Surface
2.5733,2.4808,1.5535,6.5586,0.46235,2.7231,0.66106,5.6956,3.5381,4.3763,2.7814,3.8647,7.4664,8.7531,1.8165,1.6141,6.3359,3.3782,3.3277,3.8922,3.0807,8.8251,4.6655,4.0099,2.1781,2.4537,8.196,4.6791,1.442,2.2864,1.3677,5.4386,2.6432,4.1166,4.707,2,Surface
2.7528,2.0193,3.4515,4.5787,6.5484,2.9848,1.496,1.3712,1.2924,0.73354,5.1738,5.0944,5.2149,2.9834,4.4203,3.9656,5.9276,5.6419,2.8236,5.7536,5.4998,0.39529,6.205,6.517,2.5774,6.0366,1.2186,3.5466,5.5548,0.46135,3.7965,3.1056,5.2204,1.8883,4.3163,2,Surface
9.7686,2.2567,6.7231,3.5993,1.8084,1.0428,0.99509,4.7608,7.4274,3.5833,3.8352,5.6971,3.8071,4.0646,3.5888,6.7084,4.407,4.9382,5.5506,2.5929,0.91662,0.62428,5.0032,3.1937,0.76024,3.6724,5.0026,2.6559,1.1998,3.2805,3.0147,7.8131,2.8222,1.602,7.4587,2,Surface
9.5874,5.309,1.8671,4.9329,4.1765,4.639,4.2986,2.4665,2.6929,4.9894,3.9553,9.7176,3.2685,1.6558,3.6438,4.1639,8.0645,4.3768,6.893,2.3954,2.003,1.0536,5.7848,2.8055,4.2361,0.98272,3.0839,1.1462,3.9565,4.3015,3.3331,4.247,4.846,2.506,3.2205,2,Surface
12.238,3.2554,5.1843,3.3703,4.8272,4.6152,3.9627,2.3987,3.4252,7.6109,3.7094,7.4227,4.84,6.5954,3.6459,7.4474,8.1771,3.417,8.5933,2.0766,6.2189,6.146,5.7882,4.7171,6.4233,8.5421,3.38,4.9194,6.376,2.4505,5.7274,8.5975,5.7741,5.0695,1.0292,2,Surface
5.0016,3.6163,4.8523,4.3334,3.8373,2.9603,4.1897,5.7468,4.5547,0.66084,6.7957,3.579,5.8858,0.86295,4.5365,9.8049,7.893,3.3427,2.9637,2.6782,1.3957,1.7938,2.6444,0.61554,2.2533,0.20002,3.3111,5.0829,2.9364,6.532,3.0319,2.7787,1.855,1.8635,2.3686,2,Surface
5.8834,3.2554,2.8032,3.3783,1.7022,1.2538,1.1565,2.6242,1.1995,4.0693,4.5035,3.5755,1.7285,2.4422,2.1765,5.123,6.0863,5.4525,6.3505,4.4247,2.1574,3.1068,2.9167,5.5899,0.6186,1.0747,4.3885,1.5504,2.8209,1.5047,4.3387,2.8009,1.5716,4.5015,3.4169,2,Surface
11.649,2.0372,4.0291,3.4123,3.7145,5.6788,4.6094,1.119,3.2588,3.45,5.022,0.96683,3.0705,5.3911,7.5376,2.9547,2.958,9.7273,4.2662,6.8646,7.6309,1.2984,4.1193,0.70458,5.5016,2.2472,4.8038,4.1261,3.6893,7.6677,5.429,6.3162,3.8464,2.9082,2.914,2,Surface
2.0247,8.0286,8.1627,2.0088,1.8329,3.534,1.7668,5.6633,7.3376,3.0359,5.3413,1.5059,4.4163,4.7935,2.8491,0.92725,4.1175,10.068,4.9324,4.1005,5.3104,5.9953,3.7921,5.2909,7.7965,3.6386,0.58896,3.5084,2.4312,2.3089,4.9349,1.5843,4.9423,4.4283,3.8727,2,Surface
6.6503,9.0765,1.9973,1.8077,1.2133,2.7714,4.1009,4.1239,5.1288,3.3308,2.9157,2.8146,5.8379,6.6205,6.0795,4.1158,3.7384,5.2179,1.3562,3.7166,4.478,3.9192,1.2532,1.3408,6.157,8.9673,0.76661,7.8664,9.9382,4.0501,7.8862,4.0595,7.0332,4.8236,1.8199,2,Surface
5.8603,0.81849,1.9464,4.5913,3.586,9.2181,1.4133,3.6977,1.9795,3.97,7.8165,6.823,2.6899,1.6488,2.5964,6.7111,5.4318,3.3349,7.2193,2.9795,3.4732,5.1676,2.1306,8.3739,7.4619,6.0449,0.76323,5.8093,3.8108,7.8799,1.0937,3.8117,4.4198,2.0891,1.9299,2,Surface
3.6059,1.9344,7.6724,2.6628,2.2556,3.2655,3.8737,3.2922,1.228,0.27978,3.9818,4.4519,3.6841,3.1135,4.5896,5.5509,3.6659,5.3408,5.8169,5.4308,7.511,3.8418,9.127,5.7703,3.5784,3.2036,4.8616,3.9136,4.4944,1.2155,8.5256,5.5554,2.2674,1.4278,5.0327,2,Surface
1.587,4.1837,6.6004,1.5748,1.9525,5.6056,3.0611,4.4529,3.5951,6.4577,7.9089,4.2398,2.6313,4.5532,5.5605,4.1098,2.8279,4.5612,2.766,3.0963,3.306,4.1643,3.3556,1.2442,9.3761,1.1032,7.2858,4.381,9.2798,5.674,2.692,7.0863,1.0332,2.3517,7.5996,2,Surface
1.5834,3.9025,3.255,2.0217,3.1364,5.264,6.2496,2.4392,8.821,3.8082,5.4768,5.4601,2.1603,2.23,2.2412,1.1384,2.0172,5.0439,4.0368,4.7526,0.22547,4.5598,3.5873,1.1692,3.2355,3.38,2.0154,3.0927,5.875,2.0074,1.4881,3.8532,3.7267,4.7145,6.4225,2,Surface
7.41,0.40821,4.1771,8.9323,7.924,1.7012,2.3222,7.6383,3.5899,9.6466,5.0715,6.9188,6.8896,2.3905,1.6292,3.8214,8.5434,4.9422,8.9014,6.9695,5.8605,4.3849,13.329,9.3569,6.5397,4.7211,5.5992,7.104,2.43,6.123,2.7153,1.7875,6.1634,1.9154,3.2387,2,Surface
6.9615,1.6148,12.535,4.1662,4.376,2.2354,3.7789,1.7063,5.3924,4.9671,2.2106,2.2457,8.3933,3.1603,2.4747,3.1317,1.9122,1.8313,5.2973,1.9493,5.5632,2.2412,1.6425,3.9351,3.059,4.0154,1.3485,5.0179,7.7636,3.6341,2.9029,1.4558,6.2843,7.7756,3.0147,2,Surface
3.6165,1.437,3.8797,2.9572,1.4888,2.6012,3.1503,1.1795,8.9751,1.0791,7.2769,3.0334,3.9115,6.3774,4.4219,3.3587,4.112,3.1204,7.8919,6.6746,5.2912,7.0383,3.5191,4.6546,2.4804,8.6807,3.9734,2.5139,3.9492,7.7839,3.1847,2.889,4.7626,4.546,5.3748,2,Surface
7.9675,5.0745,1.4546,2.5558,4.5227,1.2336,7.5273,5.5766,5.4226,3.785,7.8901,1.2463,4.9227,7.0229,4.5357,1.8628,2.9993,2.9607,7.915,3.0154,2.0841,8.2959,6.6111,6.114,6.4548,4.8257,11.821,5.2435,3.6123,1.0613,4.7828,6.648,1.7111,2.5647,9.8584,2,Surface
2.4029,3.5116,2.8976,7.7629,4.1093,4.7289,3.619,2.738,6.5492,2.2765,0.85665,1.8771,5.7487,8.5322,2.0658,3.0167,5.0723,2.4107,3.6684,1.1066,2.3868,7.1605,2.0771,3.3645,3.0584,5.396,4.3532,1.4713,4.7994,6.043,1.1272,4.9149,5.9926,4.0256,6.6611,2,Surface
5.2725,2.262,6.8805,1.9943,5.9279,4.8012,2.9777,3.0845,4.8587,5.4493,6.0186,0.87554,6.6108,1.5127,3.4255,0.89094,3.3804,0.81454,3.746,3.1698,2.0003,2.9448,4.2506,4.6516,4.2228,0.82011,1.0123,1.9672,7.4839,3.3793,0.95511,5.8278,1.7399,2.9712,2.1509,2,Surface
3.1197,3.8635,2.5571,7.4993,1.1377,4.0502,4.307,5.2085,9.3498,2.9792,4.7525,9.3224,2.0422,2.5575,1.7977,6.1604,4.0164,5.1914,3.9198,1.7129,4.2233,3.7512,0.39582,4.3657,1.7589,1.9014,11.565,1.3813,6.1286,7.8748,2.4073,3.2556,5.529,5.835,1.7102,2,Surface
4.6183,2.1478,5.1291,2.8692,6.5518,4.6562,3.8783,4.1949,6.0124,2.7978,3.1663,5.2263,0.75963,3.4852,4.1582,3.8913,3.3997,6.833,8.0383,2.7505,4.0463,8.2051,9.6208,4.614,8.5056,5.3846,5.1187,5.4033,8.3523,2.9819,2.8102,0.97885,7.6147,7.5972,3.4196,2,Surface
0.37641,5.3461,2.5122,2.8984,3.8567,1.5225,6.9885,1.912,1.324,3.6059,2.5648,2.2451,0.84444,4.8202,2.7912,1.1001,1.4889,2.5273,2.9013,5.4381,4.9544,4.3375,2.8028,3.8103,5.2911,5.9999,1.3674,5.9786,1.6957,2.0982,4.2681,1.9626,3.1156,2.9946,2.8678,2,Surface
2.6622,7.3794,6.2599,2.1322,7.5052,7.1337,3.3224,3.9103,5.4311,3.4504,2.0343,2.022,5.7122,2.3735,3.0652,1.2356,5.0418,0.15506,2.768,2.264,6.1072,5.5106,3.0227,8.6566,3.3589,2.8146,2.6585,1.2384,2.2253,4.2307,3.4159,5.1095,2.1325,6.9064,3.4214,2,Surface
3.0136,8.1711,4.5341,3.1276,4.3387,4.597,6.4553,4.9874,2.6266,4.2083,1.2443,4.245,3.7185,3.7111,5.0702,6.015,8.7081,1.5352,5.769,6.9092,3.3643,5.1677,4.8731,3.8246,7.2535,2.2346,2.0656,1.3788,4.3929,2.0153,5.4507,1.0395,1.9787,2.7722,2.0661,2,Surface
6.0432,1.0352,8.0058,7.1557,8.5125,6.1043,4.2901,2.0477,3.2128,6.6896,4.6076,2.5913,3.7992,4.8022,3.1141,5.4635,5.3533,3.9602,4.2243,5.9415,6.9005,3.8565,2.7042,1.0714,3.6442,4.5519,5.3629,0.48809,2.1635,6.8843,0.64637,13.154,11.601,10.065,6.3254,2,Surface
5.0795,2.5677,5.5541,3.81,4.0859,4.2062,1.9562,4.6512,2.688,12.02,1.9274,3.7243,3.5856,1.5981,1.5426,3.8573,8.9802,3.6222,5.4337,1.4106,0.60045,6.2131,2.167,0.77299,4.6332,2.4782,3.7902,4.0139,4.7669,2.5061,2.1312,6.7786,3.9904,3.8122,1.1495,2,Surface
1.509,3.7047,3.8038,3.9724,5.9435,2.7232,6.0368,0.58332,4.8882,1.1693,4.6077,5.0843,1.6219,2.5873,3.7282,4.7817,5.1211,1.2774,4.6962,3.5474,2.6637,4.0586,2.3484,2.3301,9.975,5.706,2.7017,9.1147,4.7495,3.4072,5.8696,6.2424,5.4751,0.67607,7.2593,2,Surface
15.179,5.9637,5.2164,4.8369,5.2758,4.2227,2.388,3.5221,6.4052,6.2462,4.9742,9.2583,4.4379,3.0558,7.4173,4.2892,4.0149,2.9696,5.2719,4.8853,4.6573,1.9206,7.243,7.1602,1.0966,4.6554,4.5052,8.7855,5.9464,1.8574,5.4154,5.2816,0.72774,1.915,4.0712,2,Surface
2.6274,2.9655,3.5755,1.3418,1.1379,0.95822,4.6641,1.4553,2.9708,2.3659,4.037,3.5246,3.1937,0.97229,3.8762,1.7294,2.2139,3.0183,3.8601,1.5609,0.92467,1.1442,3.0172,3.3412,4.5758,2.7001,1.9147,6.3362,1.5512,3.1023,0.70196,2.2531,1.1398,5.6241,2.5058,2,Surface
3.6012,6.5614,6.3584,6.9415,1.1591,5.8986,0.41531,5.2943,6.7318,2.0354,4.2979,4.7346,6.5699,1.7739,1.6961,6.7307,7.5335,6.822,1.0011,3.3589,5.9646,2.8124,7.0953,3.1304,8.9955,11.438,5.308,6.4575,5.3355,6.5778,16.342,4.3903,3.7601,6.6954,8.5146,2,Surface
5.5458,3.8235,7.4683,0.70404,9.429,7.4955,3.4124,5.4379,2.6232,4.1462,5.4964,4.2831,6.5014,0.77583,1.8346,3.4537,2.7615,6.3112,7.2162,5.1264,5.4199,6.4219,5.5335,1.2175,5.9391,6.5409,10.126,3.1033,6.0328,0.35924,5.9882,3.6586,6.1723,4.223,1.1152,2,Surface
1.7495,1.3573,1.2299,7.4623,10.07,3.4214,2.991,1.6521,1.9188,6.9738,1.6764,3.1869,1.2842,1.2756,0.91884,3.3014,3.0847,1.0741,1.7322,6.3257,6.0366,2.3302,2.8078,7.2016,7.0955,5.8858,8.0189,3.7464,2.4532,8.1267,7.2745,4.1624,6.6548,4.7873,9.4343,2,Surface
2.371,5.3077,3.3026,1.9588,4.3015,11.228,4.8819,1.8042,7.9637,2.2738,8.5829,5.8422,5.4979,2.6339,2.7571,4.3619,8.0352,6.4914,4.1186,1.2128,2.8404,5.4271,4.9703,0.4636,4.7052,7.6393,6.2263,8.7703,4.6013,4.7428,7.8293,5.9137,3.2934,5.8553,0.25954,2,Surface
3.074,5.9195,4.3153,2.2989,3.0642,4.3809,1.2018,8.3953,7.5335,3.0266,5.9249,3.8455,4.9095,4.8805,4.2766,1.0117,4.3636,5.8095,1.3421,4.8814,3.8802,10.684,6.2424,3.2773,3.1329,6.891,5.6817,6.7864,0.94899,2.6404,5.8656,9.5309,4.9615,4.0723,2.1157,2,Surface
0.0097028,4.4647,2.1609,2.2182,1.8993,5.2248,4.1741,2.0908,3.1002,4.1272,4.1532,4.2544,1.2521,3.36,6.6165,2.8805,4.5167,2.4023,6.418,2.971,5.0695,5.1576,1.6951,4.8217,1.5917,2.5318,1.9327,6.0161,7.7745,2.3994,1.9716,3.153,2.8942,5.8019,2.7684,2,Surface
2.533,4.8353,3.0084,1.4434,4.7188,4.1182,4.5375,2.0736,1.1282,2.1227,4.281,5.8738,4.0174,1.8315,2.6913,2.0677,1.5385,2.3319,2.4118,4.3684,5.1161,2.522,4.282,3.962,4.597,4.9546,2.7285,1.4467,5.8833,3.785,3.7846,2.8774,0.33912,4.4915,4.6696,2,Surface
9.9478,6.0084,6.2634,3.5736,1.3014,4.6987,9.0449,2.3684,3.2006,5.0525,4.3716,3.1403,6.7616,0.45323,2.047,4.1344,2.9034,1.9818,2.887,3.1873,2.5795,3.2336,0.74012,6.6883,6.8735,7.3457,11.117,5.5348,2.7268,6.9892,5.0363,4.9865,5.6173,6.7573,6.1957,2,Surface
8.9443,1.61,1.9763,2.5445,3.3482,2.059,1.5554,3.623,4.4266,2.5818,2.6226,4.4541,5.7629,2.3401,4.2005,1.593,3.021,2.8732,7.0835,8.4396,3.1068,6.0198,6.4518,3.9202,12.847,4.8765,3.8268,1.9709,1.749,4.8358,0.90315,6.9836,8.9758,3.0689,1.6784,2,Surface
3.0518,4.6317,4.6526,3.3006,0.58769,4.4203,5.209,9.2858,8.148,6.01,3.7996,2.0245,6.3032,5.5162,3.5174,10.47,6.7154,3.3885,4.6835,2.946,3.2572,5.3048,1.5664,3.1021,5.218,7.8254,4.8177,1.3726,2.0772,2.8678,3.6232,4.339,7.044,7.5851,7.8389,2,Surface
9.2367,4.343,2.7811,6.4097,1.062,2.0122,1.9793,1.8112,1.7633,1.7865,4.0854,3.9111,4.9848,0.4024,2.0691,4.1297,1.6611,0.99148,1.3307,8.0446,5.1054,4.4939,4.827,6.1227,4.7859,11.248,5.3323,3.9063,4.5053,2.0304,3.5208,6.5575,0.92909,4.9044,5.3578,2,Surface
0.50277,2.3375,2.439,4.1828,3.5259,0.74278,5.2621,1.5625,6.1785,0.90666,3.8244,7.9256,5.0167,2.0206,5.5649,2.8077,6.086,3.1668,3.5602,0.84123,3.3769,3.3517,5.6788,4.4503,5.6261,2.6944,3.4626,4.7462,2.5173,2.6875,3.318,2.6547,2.9063,1.9999,0.55772,2,Surface
2.1851,2.2752,10.758,5.4084,10.355,5.5568,3.5278,6.6012,0.70075,5.4294,2.7124,4.261,3.2123,4.8512,5.2071,2.701,5.3401,2.4493,5.3135,1.9243,2.9118,4.5754,1.7025,3.3733,3.6499,9.7273,1.9045,1.8188,9.4032,5.4959,1.2111,6.6271,8.0875,5.1492,5.104,2,Surface
5.0117,2.1811,0.37524,0.50071,3.0798,4.8507,3.3517,5.913,4.4329,5.0535,11.168,5.808,5.1267,6.2205,0.64642,4.842,6.8034,7.087,5.8741,3.6658,4.5421,7.2219,3.3988,1.8018,5.8803,4.79,0.17588,1.1236,2.9297,3.1478,2.751,6.5815,1.334,0.72056,3.959,2,Surface
5.0167,7.7693,5.926,0.47728,4.0444,3.2771,3.236,1.577,4.0975,2.0427,5.2576,6.3305,3.0366,1.8923,4.9807,0.37724,4.1954,5.4318,6.3417,4.4946,3.5105,3.3551,1.0258,5.0786,2.8317,3.4549,1.9417,5.1732,2.9294,1.4161,2.6312,4.3206,1.1184,8.4318,5.6065,2,Surface
3.7025,0.59406,4.745,4.8134,3.5979,1.4397,3.824,2.1848,4.0612,3.8936,2.2229,2.8259,5.4653,6.7337,4.001,3.8051,6.8673,2.7797,2.4668,4.175,3.7466,4.0236,1.2773,7.108,3.3377,2.9382,4.2828,5.0532,4.3703,4.0544,2.2301,6.1115,2.8081,1.0345,6.8504,2,Surface
2.2573,5.0757,3.9141,2.6845,4.1299,4.3353,3.3659,4.0539,3.4334,2.1026,3.7664,3.5901,1.4856,3.901,1.5766,3.7527,1.1843,0.48025,6.766,6.3688,5.5462,0.72443,4.4107,3.0832,3.362,2.7246,7.5471,3.3614,7.0992,4.8259,1.1591,8.8556,2.3853,5.9286,1.9797,2,Surface
8.4864,2.8362,8.3135,7.6576,8.2579,5.5916,4.1212,6.9576,4.2215,5.9144,2.2201,6.5802,3.7833,0.25395,5.9133,2.3467,6.0749,5.744,6.5882,1.3567,2.3446,3.4688,2.1516,6.9811,5.9738,8.5658,6.0375,5.852,4.7882,6.6721,4.79,3.6805,3.9992,6.2075,6.8657,2,Surface
2.3351,3.5477,2.4952,3.1781,2.6656,6.0908,4.3665,3.622,2.2026,3.5452,4.546,6.3375,3.6114,1.3928,4.3976,2.1796,4.5578,5.7316,3.9139,4.874,6.8875,3.2398,4.1031,5.4552,3.5463,1.5631,2.1649,0.81548,7.4322,3.7569,4.9206,7.8082,2.1684,2.0579,5.7479,2,Surface
5.3281,6.0105,5.8955,3.8076,6.8472,2.0897,2.3852,5.3187,1.9347,2.2717,2.8905,2.7409,5.7913,0.2666,5.4335,4.7303,2.7318,5.2468,7.9295,2.7561,3.7251,2.752,1.3542,4.7903,3.4583,4.2352,1.8562,5.7993,4.399,4.0471,2.5946,6.5599,4.6419,3.941,3.5335,2,Surface
0.4766,3.0782,4.5619,8.4518,2.7986,4.3163,5.1413,3.7021,5.9527,4.6502,2.9888,5.981,3.7715,5.5188,1.8017,1.7757,4.1425,3.1437,6.5696,0.80703,2.4349,7.81,2.3383,3.3102,9.8264,4.7262,6.0883,3.6281,1.1277,4.5407,2.1038,5.7254,3.1345,5.486,3.9286,2,Surface
1.3995,5.2328,4.2856,4.0768,3.9006,5.9174,2.5307,4.863,7.4782,7.9506,3.6053,2.6997,3.8262,1.395,1.7735,2.7903,8.6375,4.3702,1.4185,4.1089,3.6598,2.4948,2.8963,5.167,5.591,2.7132,4.6108,4.5004,1.3316,1.9518,8.0634,2.8612,3.1356,8.0211,1.8448,2,Surface
6.1586,7.2823,2.4756,2.783,3.8929,0.82978,2.3104,7.0643,7.0784,1.5601,4.9845,1.4626,1.2341,8.728,3.2331,6.3808,0.87155,2.6313,1.4991,1.8009,6.3562,3.0534,4.4236,5.3323,1.7156,4.4168,0.75506,0.89584,6.0947,3.8604,2.1083,3.1401,1.804,1.1633,5.0869,2,Surface
0.024189,1.8179,5.6171,2.9832,4.8574,2.4761,7.4281,5.0859,10.975,5.8077,6.9287,10.355,4.2156,4.9299,8.4252,3.6158,4.0674,5.1791,8.4285,4.1014,8.2898,5.6103,9.6375,4.0756,10.124,2.1831,3.8781,4.5041,7.819,4.6374,2.9309,5.1046,4.7318,10.211,5.5281,2,Surface
2.4895,4.3508,8.7872,2.8234,3.9141,11.045,7.9389,1.9118,4.132,4.3052,4.3782,8.234,5.945,2.9607,7.3751,1.7238,2.0318,4.0838,3.7805,3.4918,4.0689,5.1998,5.6362,3.3563,8.4679,2.66,7.9023,3.6166,8.899,2.6471,7.4781,1.075,3.2969,9.377,1.3633,2,Surface
7.1037,0.98085,2.6387,3.6752,8.8957,4.3469,8.9388,3.217,4.2261,4.0071,7.1912,3.3637,15.301,2.187,5.0082,1.122,13.99,1.0716,5.0489,2.3501,2.6621,2.5717,6.8025,11.942,3.9566,6.6105,7.4548,1.8241,2.1849,4.5811,9.2252,7.5968,3.7985,3.8918,8.3247,2,Surface
2.5243,1.5482,2.4873,3.3451,4.2435,6.6821,9.9962,2.1006,9.2682,7.2205,6.2933,0.9072,3.6233,6.8583,3.0058,2.1203,0.67853,4.7399,3.8994,4.6314,10.328,3.0388,6.384,6.5035,3.6578,2.9795,5.9686,5.3236,6.0617,2.6856,2.7093,4.9059,6.2484,6.9996,5.8733,2,Surface
0.14617,5.5857,5.1183,8.4913,2.6078,2.2985,4.396,10.402,0.61653,0.56087,1.5012,1.7263,4.1963,5.0861,3.8959,7.9538,6.3837,5.0957,5.4284,1.0461,6.5488,4.3862,2.3919,2.7434,6.584,1.1419,5.6621,2.1814,3.3081,7.8891,5.6595,2.5418,0.58412,9.4581,2.2951,2,Surface
3.9856,7.158,5.7777,5.1289,2.4245,1.5552,3.8955,11.994,3.9264,0.8573,1.272,4.3523,3.6316,8.3118,2.7866,9.3923,3.3013,0.96235,5.6341,1.473,5.6081,4.1145,4.1441,1.9799,2.2257,2.2551,5.4068,6.3209,2.2739,8.0598,3.8625,11.551,3.007,1.705,1.2808,2,Surface
7.4069,2.9685,3.6902,3.7855,1.714,8.9177,10.161,6.2286,5.5365,3.9213,0.77465,4.0869,2.576,3.4756,1.847,2.6076,4.8401,7.4883,8.0962,7.8449,5.8301,9.2611,12.242,8.9809,7.9411,10.379,5.7795,7.1288,4.7489,3.8057,3.8374,2.3377,3.6507,8.8376,5.902,2,Surface
3.2235,7.7752,9.9593,2.9924,1.565,7.0863,4.9106,8.2816,7.7539,1.5822,1.6861,17.184,10.352,6.097,6.1784,8.6349,10.37,7.4608,2.5308,8.4225,8.0964,4.7603,11.883,7.7336,2.4221,4.2484,5.5346,6.4878,7.587,3.9455,4.4842,6.342,6.4417,8.7658,5.4543,2,Surface
0.59649,14.272,5.614,2.2475,0.92654,2.9331,2.5249,6.7938,5.9687,2.8047,6.6419,4.1462,2.6896,4.5142,4.5335,2.2062,9.8495,7.1349,2.958,6.1486,5.0277,3.2188,2.0132,0.5047,5.7608,4.1144,2.9039,5.0898,1.8313,7.6239,6.2962,9.1334,1.4438,2.5241,3.9084,2,Surface
1.7595,4.7954,4.6446,1.2506,1.4083,3.6723,7.3108,5.7618,1.9091,5.9882,2.828,6.8141,2.3038,11.162,5.6472,3.8676,6.9142,5.3137,3.9192,3.7367,6.7107,0.99703,5.2525,5.3116,2.7373,1.1959,5.6485,3.098,4.8609,0.85473,2.572,2.4723,2.3522,5.6977,3.448,2,Surface
6.3847,9.4318,11.793,3.0821,8.0727,14.403,6.3545,7.5248,2.5272,5.5661,5.655,10.804,5.1084,5.1081,3.4953,9.2214,4.2375,13.651,8.8781,7.3829,10.128,5.3199,9.9533,11.824,15.899,3.7256,7.2988,5.446,4.1489,13.301,12.512,9.2062,5.3637,6.8978,11.274,2,Surface
3.1453,4.0206,1.5402,4.8741,0.80796,3.0755,6.0697,9.5872,5.6942,3.5013,4.5429,2.0205,9.9059,6.4146,3.8742,7.5907,5.4947,2.2193,1.2471,6.0203,4.0886,3.3995,2.6161,6.881,3.2877,6.8123,3.8206,2.1524,5.3166,2.9243,5.9819,6.7094,5.3482,4.5415,2.8464,2,Surface
1.5918,4.8623,0.95556,4.0306,11.074,3.8266,7.6212,9.5077,3.4225,3.9507,6.1853,3.4026,3.7119,6.8001,3.2124,7.6284,2.481,3.3375,2.4834,4.3157,4.5972,1.5462,5.884,3.6467,5.3611,2.4385,5.7459,2.1051,0.86923,1.3895,1.3002,3.0087,4.2873,0.43036,2.4003,2,Surface
13.238,3.2614,15.588,3.686,5.839,2.4357,3.365,1.8558,6.5146,1.1587,8.0148,11.83,7.5607,3.5313,4.0837,5.4983,5.4117,1.9693,5.3108,7.2615,4.157,5.5606,2.2605,2.5171,5.7778,7.565,13.027,4.6459,4.2792,1.2859,4.267,2.1739,6.4973,6.384,1.9436,3,Parallel
0.65789,6.8785,3.3276,2.8149,3.8139,3.3949,6.342,4.0309,8.7116,7.8105,8.9817,4.801,10.783,5.3521,4.5447,8.5826,3.5984,1.8008,3.91,4.9538,1.4927,3.7567,5.435,5.5339,1.3002,5.0129,6.0454,7.1437,2.2098,5.9618,6.1407,2.1487,4.0272,6.8707,4.3084,3,Parallel
1.5609,6.444,8.2007,2.1387,8.4173,7.1751,6.5408,8.2469,5.2512,14.202,3.5031,5.3557,4.957,6.5856,4.8856,5.3944,3.0916,2.6996,9.045,5.7737,5.8811,2.5619,3.5255,4.1351,7.614,3.4173,10.25,6.7331,4.8767,7.9225,10.127,6.3626,5.8622,1.5697,3.2443,3,Parallel
1.5664,1.6836,4.7805,2.5012,1.9991,2.1845,6.3877,6.6049,11.799,2.6358,11.283,0.94881,9.6983,10.567,4.7027,5.3489,8.3269,1.352,7.0022,3.1507,6.22,8.4,1.8411,6.0949,3.4009,5.606,5.3801,2.7642,8.0975,2.5531,2.5833,7.5825,8.5806,3.8542,5.7338,3,Parallel
1.1298,6.6319,8.1424,0.77621,7.8951,8.9246,6.1518,3.4887,5.0986,8.2199,3.3403,8.6769,9.548,14.766,16.727,10.597,4.4092,8.4929,3.1946,6.8343,4.7406,8.5638,5.9411,10.703,7.6358,11.756,7.921,9.4695,1.0039,6.1032,5.6042,7.3057,10.854,8.8489,7.2148,3,Parallel
10.605,7.7389,5.4448,1.3294,7.0777,3.5895,6.8952,6.7671,1.8983,5.9005,4.4119,8.867,8.5286,5.5986,8.3368,7.2997,7.0032,2.1006,5.0006,10.141,6.1174,7.0091,2.2633,9.7924,5.0971,8.4601,8.0511,2.0657,3.5714,5.7922,5.0128,10.092,2.0624,4.3538,2.21,3,Parallel
9.9135,3.8122,9.3454,2.7075,4.6169,9.4912,8.6794,4.9354,2.1361,7.7091,8.1843,6.4701,4.6157,2.6208,7.0005,4.1657,4.9495,1.4258,4.3411,3.5598,8.2012,2.7544,6.9927,2.462,4.6253,1.294,4.4353,5.7712,4.4653,4.1727,5.0731,5.0764,4.5234,5.2172,2.704,3,Parallel
12.604,0.39852,4.4778,1.7913,2.594,3.0616,6.6782,5.55,1.0658,1.7385,9.751,0.89261,5.2264,12.386,8.2247,7.0624,7.366,11.559,1.9577,2.9948,2.3691,1.8018,4.4762,5.3546,8.0013,1.8229,5.9614,5.4564,1.2594,4.2708,4.4007,0.63595,10.71,7.1083,4.7562,3,Parallel
0.011497,2.0036,4.8525,12.367,3.5789,5.3805,10.323,11.08,7.659,2.8827,7.9704,4.5815,1.457,6.1611,7.0337,3.8806,11.615,4.5545,13.894,9.4008,11.812,10.379,5.5869,2.2713,5.5928,9.7916,4.4604,8.2362,6.614,9.765,9.8355,9.836,8.7159,6.1612,3.2956,3,Parallel
10.387,1.6783,9.2211,16.357,3.9313,12.497,14.842,11.576,6.3533,5.5892,6.9081,4.2639,6.5784,5.0302,9.0143,22.48,5.5355,13.087,9.6767,4.2766,4.8739,3.0652,2.4654,11.37,9.5795,9.2102,10.618,12.026,13.987,8.9506,6.0928,5.4293,12.351,1.9283,4.9179,3,Parallel
5.7246,8.2823,8.1431,7.4045,5.9141,17.459,4.3423,13.614,6.7852,5.6578,10.093,3.8542,7.1218,3.0187,7.2212,3.4197,9.004,9.1423,4.4578,9.0064,6.7974,14.231,5.6051,4.7945,3.2448,4.4949,5.4773,7.8771,4.4299,1.8563,5.8801,4.6967,7.2705,7.4115,7.3637,3,Parallel
8.6617,7.6322,4.6351,8.1306,8.3078,14.372,8.3853,0.71487,9.2026,6.6837,13.902,7.6786,0.93281,3.8087,4.2032,10.208,7.7258,3.0352,8.4436,4.4674,3.4578,4.9051,10.439,17.01,8.8799,4.6334,7.3444,2.3493,11.809,14.079,9.8439,2.444,6.7809,9.6642,2.1492,3,Parallel
6.3834,2.2687,5.2089,5.4248,3.381,5.0925,4.1055,9.1561,5.2102,2.2949,5.6311,3.5334,2.9346,2.7875,8.7628,8.7466,5.5447,1.7637,1.1933,5.6035,5.1325,6.2539,6.5297,2.3087,11.582,5.6288,8.4791,2.7357,2.1525,5.5335,10.793,4.5102,1.5727,8.962,4.2783,3,Parallel
6.89,2.5893,4.5226,9.2232,9.6832,10.442,3.8803,2.1692,8.1662,6.783,3.2429,2.3384,4.8729,9.9582,3.9916,3.3,7.9382,3.3151,5.4833,1.6215,7.0525,6.6732,5.8191,3.9805,3.3548,13.738,4.7877,1.3943,5.9868,8.0958,9.6977,7.5616,8.9872,7.3573,4.5468,3,Parallel
2.6036,13.191,7.8192,1.7563,15.331,10.914,6.8894,4.8234,12.219,7.0135,7.2683,6.0593,8.2162,3.8642,3.2855,8.2917,4.336,6.7818,4.8636,2.7252,0.51207,6.9076,6.1707,4.2913,5.7697,4.3414,9.9633,2.33,3.511,5.395,1.5569,7.4744,9.2213,11.041,14.18,3,Parallel
2.4049,5.0948,7.8654,4.9247,3.0056,5.7724,3.7257,7.2463,7.2865,8.612,3.1921,2.5255,5.1456,3.0066,6.3226,5.8193,1.3042,7.9454,9.1745,2.3348,3.8647,1.2298,5.4931,0.5019,12.203,4.9446,10.653,6.6775,2.1682,8.0011,9.1329,9.1135,4.6525,5.6391,3.6863,3,Parallel
2.3671,2.5094,3.7939,1.7655,3.9543,5.5577,4.712,3.4195,3.9691,5.6877,4.4024,3.9793,12.209,7.9965,4.983,10.345,4.722,4.1289,1.5444,5.0353,4.9336,4.2892,5.9558,2.9743,2.8632,10.794,4.5433,3.1123,3.9927,2.1895,3.801,9.096,4.4897,6.9078,0.80151,3,Parallel
9.0005,2.4538,9.2762,4.2106,2.0108,3.6472,4.0015,5.023,5.2538,10.124,7.6152,5.7985,3.3234,4.7799,6.1028,10.3,6.3301,8.349,4.8881,10.449,1.9044,2.7286,5.1448,7.2121,2.6274,8.0799,2.2699,5.5745,3.576,7.6121,4.9301,3.1245,8.8522,7.1679,5.4877,3,Parallel
6.2051,7.8428,6.9477,8.9294,3.731,4.1616,2.1045,3.846,6.0393,5.7223,7.7985,2.8997,3.0346,2.2014,9.4764,3.849,12.098,2.0685,7.134,1.6175,6.3783,9.6254,3.5171,0.62719,3.2691,6.2549,5.2734,4.4341,3.1158,1.6167,5.215,2.7157,4.4984,4.1955,3.7159,3,Parallel
9.7566,1.9429,10.601,8.0423,8.7936,8.4222,7.2425,3.471,13.642,5.487,4.0006,8.0245,5.0842,1.8838,8.4711,3.9152,2.2154,6.4462,8.2779,4.3981,3.9113,4.9409,5.9897,5.2852,11.102,5.7026,7.5806,4.3637,7.2584,4.6524,9.3115,5.2252,2.796,5.7956,18.599,3,Parallel
0.988,20.29,20.686,10.545,5.8023,9.2367,5.7945,4.2528,0.52452,17.358,3.5321,7.642,6.0755,8.6459,10.455,17.999,8.8199,9.2025,9.2034,15.34,1.6144,5.5764,8.3138,2.1248,13.693,5.1261,5.1571,12.14,1.2094,9.7195,9.8765,19.823,9.0656,9.8808,13.462,3,Parallel
3.7476,1.8426,1.8422,5.8293,6.1483,8.2716,10.862,2.2107,2.5106,2.6348,5.8041,0.79765,4.3715,3.407,3.2482,5.3923,4.3353,2.4908,5.6433,4.2736,5.0337,6.9092,1.0152,4.3785,8.8349,6.9086,5.3442,5.0722,4.2688,3.3725,4.8266,3.0984,1.5845,1.099,3.699,3,Parallel
9.4702,5.6166,5.0277,3.5378,7.7403,2.0736,1.5046,5.7558,2.64,8.6415,2.4477,4.6179,7.1507,1.5363,6.3748,2.7133,2.4785,4.4823,4.5357,6.0608,3.9227,7.1023,5.0903,6.8293,7.0156,8.1028,2.1731,10.296,3.3859,4.5201,8.1388,9.9929,10.184,6.6054,1.8296,3,Parallel
10.216,6.1951,11,3.7361,2.7962,2.8227,8.948,11.691,7.003,7.897,1.1229,6.1748,2.467,9.8196,6.8932,4.7636,9.845,5.2923,2.803,14.508,6.4327,9.3904,10.105,10.232,6.7712,6.588,7.7907,7.3098,3.2202,7.3808,8.1709,6.0396,9.8972,4.93,8.6994,3,Parallel
12.79,6.4915,7.3426,9.7008,13.895,11.052,15.535,3.3004,2.0422,4.1334,5.1638,4.2066,7.7672,1.7836,6.6405,3.2526,15.259,15.075,13.06,4.5417,2.0831,11.757,6.8212,6.525,7.0173,12.862,5.6378,10.032,2.4475,5.148,2.7264,8.1507,5.5538,6.9591,0.38351,3,Parallel
8.047,9.17,5.7496,4.2329,7.1575,10.684,5.6669,3.688,3.5603,6.596,0.80339,5.2575,4.1928,3.3172,9.1746,9.319,6.4392,6.1722,10.431,6.4426,0.55607,5.6574,3.9356,6.1069,6.2345,2.8124,7.9506,9.972,3.2256,6.8538,3.2502,5.9819,6.0276,4.515,8.213,3,Parallel
4.1227,1.053,5.3553,3.8075,2.515,3.5337,1.5577,6.7241,5.3149,3.9744,6.5594,4.86,1.8921,4.6887,4.5101,4.6995,6.8282,1.2933,3.607,8.8338,3.5082,6.4018,3.0007,1.6123,3.6102,9.1959,1.7025,1.2336,3.0511,5.7172,3.7236,2.7382,2.7103,4.3512,0.20695,3,Parallel
7.6401,7.5323,1.2401,3.3982,0.3508,5.0779,0.85623,9.4541,8.8131,1.9242,1.5672,4.3049,4.6408,1.9237,3.5109,1.4023,2.3362,4.6865,8.7244,4.0306,7.6027,1.2641,3.735,0.52508,2.8965,4.2556,6.477,2.2886,5.6051,3.1198,3.1468,2.3336,1.7278,5.1528,7.3297,3,Parallel
13.811,4.5882,12.656,13.526,18.532,25.106,18.442,15.832,8.5023,13.893,7.241,15.549,11.102,7.4254,9.9257,14.641,10.191,3.2345,3.1467,7.1865,16.748,22.83,9.5086,5.2236,31.935,24.585,16.42,13.437,2.4592,15.023,3.0694,21.035,18.29,20.998,7.5073,3,Parallel
12.83,16.046,24.975,14.216,12.805,6.8178,19.776,27.276,3.6409,16.591,5.2718,15.112,26.313,7.2388,14.415,9.059,30.042,23.373,18.579,28.809,17.696,9.9188,8.2078,2.3613,4.3194,18.68,24.246,1.7303,14.513,18.117,12.941,16.835,14.513,7.2512,15.43,3,Parallel
7.9998,2.408,2.8009,4.7938,6.4059,7.2401,7.708,3.8142,7.2546,2.0981,6.8734,4.9654,5.7569,4.1654,7.2359,3.3529,8.0607,3.8755,3.0371,2.5902,1.2094,6.7307,5.3158,4.4661,6.9104,2.8093,9.5546,2.1575,4.7433,2.3926,1.7188,7.0185,8.6325,5.5627,0.70808,3,Parallel
4.1876,2.188,10.476,3.0481,9.5712,5.8978,7.0983,3.8418,10.592,8.369,7.0384,9.1627,11.27,2.1993,10.493,4.5089,6.2418,8.8413,5.0794,5.0239,4.132,3.2559,8.6204,5.1223,3.3936,0.98307,5.955,7.2692,3.4321,4.5959,8.2271,7.9607,11.75,10.176,9.5892,3,Parallel
4.4437,4.382,3.9203,2.7598,3.3504,6.0829,2.7214,3.6118,2.8172,4.3341,1.8092,6.9542,3.7528,5.6896,2.0138,0.90842,2.865,3.0902,5.5439,3.9553,4.1702,2.4343,4.4747,6.2957,6.4215,2.6703,3.3929,2.3721,8.81,2.5281,7.0113,2.0941,2.7556,7.5292,2.6283,3,Parallel
1.0045,2.8312,5.5351,14.924,3.5341,7.8691,6.8026,8.7541,6.9953,8.444,7.0978,3.2834,4.6876,14.026,6.2802,3.2811,2.3479,5.4986,3.6446,9.219,5.6596,3.9264,4.0836,2.8567,7.9647,4.8021,4.9256,5.5578,7.2067,3.7234,5.7334,8.3355,1.9111,3.206,2.8938,3,Parallel
13.081,1.8005,5.6501,1.6641,9.8784,8.5596,14.003,5.3982,6.2962,4.6304,2.5492,4.1177,5.8961,7.0409,7.3599,5.2193,3.9992,12.877,6.9867,3.8983,5.3422,4.8735,5.6252,3.1369,6.356,9.0042,11.5,6.1189,8.921,11.271,4.7832,9.0842,2.3531,11.44,7.4563,3,Parallel
0.1759,10.46,7.0985,3.4396,2.4131,8.4568,6.2154,5.2874,8.7926,4.6391,9.3319,7.4673,10.413,1.8749,2.7963,3.8215,2.1405,9.7628,9.5586,6.7642,4.0589,1.6393,5.4372,11.071,8.1639,5.6488,6.3357,3.196,2.7783,5.9699,9.9028,11.034,10.039,4.5401,4.7381,3,Parallel
0.53557,7.2284,3.915,3.9229,3.0806,2.1055,1.9914,8.3292,7.567,12.512,7.3082,7.7907,2.116,4.808,4.6326,3.567,5.3647,7.2241,3.626,1.9841,1.9111,9.0587,2.4069,7.4738,5.6172,8.6419,6.4176,6.9038,4.0705,2.212,3.4432,5.7272,8.411,4.3828,3.8356,3,Parallel
2.8352,2.6211,3.9164,1.1712,7.5133,4.8045,5.6448,1.8783,3.5052,8.3349,0.45125,1.2926,2.2967,7.5261,3.3347,3.6267,5.8569,3.233,4.7179,2.4209,1.763,4.0362,4.2538,3.639,3.0953,1.3762,8.9151,6.5788,0.28647,3.1577,4.6262,6.6092,3.8035,1.4491,2.3192,3,Parallel
0.87656,1.0682,7.5795,1.8198,6.5578,3.0101,3.8837,2.6457,0.83143,6.7247,10.615,2.5372,4.2383,5.3685,0.91575,1.8639,4.2747,11.538,10.844,8.4586,5.5524,6.1816,3.3025,3.6136,5.6479,3.2717,0.97351,4.2563,4.8541,3.8897,4.3094,7.4373,0.93792,2.3458,4.0587,3,Parallel
1.327,5.4544,1.9716,5.0465,9.1286,7.635,4.2812,2.4871,4.231,5.6335,3.9217,2.3333,4.8591,7.2523,4.0455,3.4434,0.78706,5.1767,7.3132,1.3422,7.6513,4.4656,3.3753,5.3776,2.1727,4.4541,6.5942,8.7299,3.2441,8.0401,3.7714,8.4156,6.4093,2.2218,9.155,3,Parallel
2.9978,6.409,6.2103,4.9499,6.4499,3.1288,4.984,2.5392,6.5513,3.5127,6.4595,10.756,15.103,3.521,5.305,3.7334,5.7618,5.0854,0.86441,8.9755,8.8774,4.6887,6.6085,2.0243,2.2346,5.3291,7.7371,6.3417,7.6551,4.1832,2.0342,6.0649,4.3224,3.8595,6.2417,3,Parallel
10.371,6.3002,4.985,2.8185,6.7373,5.4663,7.0515,4.8111,16.798,5.5032,6.9308,2.7198,4.5387,4.1089,5.0089,11.409,13.846,1.4814,7.0349,12.733,4.88,9.745,12.767,8.9688,5.332,6.2388,10.802,5.9692,7.2246,8.0871,5.79,5.4022,5.9106,3.082,9.9312,3,Parallel
15.126,2.9449,7.0956,5.2836,2.8403,4.6075,6.1088,1.8118,1.0173,3.2823,3.2994,6.386,9.6418,3.9012,2.817,2.8123,6.4927,3.3705,3.4648,7.2629,4.9629,3.9807,3.7827,7.2966,6.7004,1.8516,5.0534,5.4636,4.589,3.0598,4.3636,4.6266,2.5093,7.2808,2.5976,3,Parallel
0.79264,15.521,8.4529,0.93292,1.4559,5.915,10.118,6.2359,5.5713,8.2102,6.386,6.2344,7.7751,1.2451,12.378,5.5185,2.1607,8.3354,4.9807,5.8004,6.0838,14.623,7.2861,2.7087,1.6504,1.1016,5.8568,11.964,7.8554,3.6368,8.773,3.4452,7.2537,11.781,7.1833,3,Parallel
4.4379,10.134,2.8181,4.6968,1.6281,6.3999,3.0827,4.943,5.9533,3.7705,5.4815,4.8282,5.7617,6.1769,2.4788,10.205,1.7455,3.2985,4.2152,4.2081,5.8133,4.1728,1.533,1.8464,3.2947,3.3399,8.1093,8.0431,2.3226,12.948,1.9721,3.2636,6.3242,4.4911,3.7189,3,Parallel
3.959,7.6517,0.69438,6.8913,1.0027,4.1154,7.2055,1.038,8.0966,3.4339,7.9769,6.1542,5.7366,3.6839,6.0634,1.9642,7.739,3.5591,7.1046,3.5283,3.2333,6.7087,0.6119,7.092,8.3767,2.9031,8.3802,1.3064,9.7628,4.0352,6.3111,10.968,11.637,5.2963,8.4033,3,Parallel
4.4361,2.1284,4.976,3.9468,5.4889,2.3961,2.2544,2.0285,7.0576,1.3991,4.972,3.3267,1.0714,3.0603,2.8743,3.5152,1.2913,2.633,5.4895,6.1464,3.1358,4.7837,8.302,2.808,2.8091,7.0503,5.9168,7.8984,5.2811,2.3448,3.3564,2.5901,3.0073,2.5414,4.1314,3,Parallel
3.9214,7.9884,2.5405,3.0698,3.3271,3.4825,5.3486,4.4619,5.1064,8.7539,8.3272,5.8816,1.8317,1.2577,1.3298,4.4042,5.6391,5.8696,3.0747,4.0647,5.4674,1.3412,1.5203,6.6653,4.7359,2.1221,4.5616,1.7882,8.0906,2.3229,6.5715,1.8619,2.9983,3.4683,7.8978,3,Parallel
6.0084,11.168,3.2071,9.0891,10.561,6.4667,12.303,12.459,12.121,7.2674,3.4243,10.268,8.1994,9.9597,1.1765,10.172,14.713,3.8921,13.792,6.0293,6.4933,5.9102,5.6665,4.9843,6.9073,5.3257,3.67,11.27,4.5361,8.6582,4.8439,7.2082,9.2585,3.0698,5.2589,3,Parallel
7.1459,9.3931,4.2913,3.218,4.9186,4.5481,5.6076,6.2923,4.8627,1.3896,9.0073,1.3128,1.2543,2.6866,5.1892,5.9331,2.8,4.0857,4.8965,9.5859,1.9965,0.56993,3.5767,4.4651,4.2747,3.0491,1.8031,9.899,6.6304,2.1811,1.3964,3.6124,2.1412,7.3298,14.178,3,Parallel
1.4886,4.8304,5.2311,0.46922,10.962,6.9521,10.695,7.2958,5.0678,6.0067,1.5554,11.129,3.1235,7.8445,5.0333,3.49,6.1371,5.7086,6.0102,1.6386,9.2609,4.2029,6.7782,8.2968,6.6377,2.2104,10.736,11.186,3.4537,1.162,7.0477,5.9204,6.8077,10.168,2.2232,3,Parallel
4.3699,11.232,3.1922,11.512,4.5591,0.81229,4.2476,6.4097,6.1389,10.504,1.4488,6.9289,4.0795,8.3088,4.7966,7.155,8.3186,5.9461,2.6513,7.1691,3.4587,7.585,7.919,4.3763,2.4681,9.1565,1.7057,13.74,3.328,2.2229,3.6659,17.71,12.205,7.6647,9.1969,3,Parallel
2.9201,8.7036,5.5846,1.9205,3.0813,5.0148,1.1089,4.7895,1.5066,0.49972,3.5688,3.1195,4.1713,3.4266,9.7815,3.1664,7.497,6.0495,3.4225,3.1582,4.1469,5.1275,5.1554,6.5843,3.2,0.87505,10.982,8.8299,4.7532,7.9448,1.2946,3.794,3.768,5.4143,3.1527,3,Parallel
0.24681,7.4169,2.177,16.975,8.0213,1.4636,12.51,9.7734,15.9,18.698,8.5599,6.8963,2.8871,12.795,4.0009,11.11,6.1945,9.8934,5.757,2.1848,15.966,11.428,11.401,15.415,16.73,9.8866,11.662,8.5425,8.481,4.0524,2.3776,10.971,3.1554,17.048,26.564,3,Parallel
15.69,5.8986,13.57,6.1499,6.2922,7.2717,4.6274,8.3008,5.5174,4.9411,16.676,8.5334,10.092,3.5478,1.9311,8.3486,11.535,6.4643,5.5854,13.1,6.372,2.5457,3.5975,3.7046,10.939,1.3682,1.8424,6.6188,2.2493,7.8357,4.4908,2.3369,8.3139,11.831,5.7777,3,Parallel
9.2018,5.1947,14.441,3.641,1.4487,5.9758,5.4018,10.785,11.363,6.2399,9.1241,5.0655,4.1412,2.7165,9.0275,5.6732,5.8361,4.5116,11.891,8.429,4.0934,12.693,1.3905,4.2527,4.7493,8.1918,6.3918,7.3371,3.5111,2.2665,5.851,11.4,2.8905,3.4947,7.3748,3,Parallel
6.4491,4.7834,4.4945,9.6832,5.4476,3.6206,4.2316,5.9874,6.8783,4.1299,3.2449,10.003,2.7209,2.5231,4.9409,3.5264,10.066,6.4773,4.2336,5.291,5.8765,5.8291,8.2941,8.5566,2.2031,7.594,5.9979,7.1348,4.8097,6.6445,2.4724,8.3369,3.5873,3.3224,5.2062,3,Parallel
0.90925,5.4054,2.316,3.8789,4.9879,1.5365,5.2827,8.458,1.0375,5.9038,6.3005,8.4787,3.8733,1.8577,2.7853,1.2935,7.816,3.1956,0.75185,2.2516,9.988,10.116,6.2682,2.3022,2.1213,3.5733,5.7419,6.0782,9.728,3.4614,4.2398,3.4877,8.3813,5.2079,8.2089,3,Parallel
6.3972,10.358,12.011,1.6836,15.599,4.99,5.5239,8.3704,4.0498,7.7833,12.106,5.0919,2.8172,9.3692,17.046,4.5268,9.4372,15.399,6.8623,14.4,11.737,2.7379,18.268,10.912,4.1115,19.335,15.436,11.91,11.232,4.275,8.4834,3.8118,6.7435,19.937,11.68,3,Parallel
2.4134,5.5097,2.4106,0.93946,5.6109,7.1356,4.6929,2.1806,1.5146,1.4386,5.8653,7.5212,7.6157,0.85026,3.6636,2.5298,6.7731,4.5043,5.9412,5.3093,3.7895,8.5076,1.292,4.0351,2.8865,1.9588,6.0354,5.9659,5.276,2.631,1.8794,4.2772,1.1072,0.83132,5.0736,3,Parallel
1.2709,2.0633,13.461,4.9878,1.9432,4.0868,2.8864,2.7665,5.3094,3.3754,2.8723,5.5892,2.3468,4.5195,5.1081,2.7903,3.3114,1.541,3.9605,3.1348,5.2847,5.7014,4.1771,0.83958,3.9316,1.4381,4.0779,3.2888,2.1921,1.6315,7.5014,1.3968,4.8376,4.8281,3.5098,3,Parallel
2.8365,1.9058,4.7327,4.5926,2.601,5.6933,2.9999,8.863,3.2824,1.4137,12.471,2.7368,3.1156,3.4134,1.7133,3.559,5.8854,5.0488,7.5552,4.0999,3.0831,5.5623,5.9465,3.3092,3.6097,7.697,3.0039,5.4975,4.4286,3.9845,7.2854,7.1371,5.6654,7.9255,3.0046,3,Parallel
0.19458,11.577,15.44,13.882,6.2583,15.576,7.2205,2.4828,3.8472,14.227,12.77,18.568,6.9134,10.211,10.502,16.294,21.796,6.0669,10.399,6.2761,4.6668,10.148,7.7197,9.107,4.9463,7.8046,23.514,3.6386,16.94,5.5574,13.542,3.9609,5.3304,8.1249,12.251,3,Parallel
4.3925,4.1077,4.0015,10.232,10.512,3.4722,5.2463,11.252,3.3459,7.0901,13.142,7.8645,2.1995,10.365,3.2919,9.2073,6.1128,5.7689,2.1157,4.8506,13.319,12.267,9.1513,7.8496,5.8542,6.8828,5.1275,9.8687,2.3206,0.58695,5.1842,7.1098,5.3634,1.2912,4.6394,3,Parallel
12.169,9.7465,0.56155,0.87952,4.1319,5.6731,11.639,1.8182,6.6465,6.2321,2.43,6.1109,3.158,3.6205,4.9373,8.3782,8.2127,6.4892,2.9641,7.5251,2.8082,5.2442,6.4967,2.0927,1.3001,9.1763,8.1132,1.8354,3.9189,5.5669,7.8237,5.2826,5.4853,6.2414,6.7471,3,Parallel
0.17857,6.3161,6.4861,2.8694,4.0562,6.7712,4.4527,4.5835,4.4421,9.6796,1.0998,5.6967,8.9791,11.459,3.3698,7.7964,9.738,12.757,4.5134,9.0657,0.82786,5.5938,6.8751,5.0314,8.5545,3.9261,8.849,4.6608,9.652,5.8228,12.464,5.9691,4.8973,5.4237,6.7974,3,Parallel
14.232,3.9214,9.8266,1.4463,6.8446,9.5572,5.096,16.299,20.423,8.65,5.241,10.849,14.355,12.797,18.439,2.0395,4.864,4.2105,11.346,11.177,8.0818,10.123,22.237,4.4599,9.1344,10.653,7.3227,4.6472,10.127,10.705,8.046,7.2255,6.3236,13.295,4.2814,3,Parallel
4.7429,6.7173,5.3087,6.0795,3.3662,3.0178,2.9411,2.5718,3.3803,2.4018,6.547,14.774,1.0753,4.7581,3.3515,4.4993,2.6245,6.376,1.8103,8.1675,4.9431,8.7311,6.7617,4.3011,0.71682,4.3921,7.3562,10.786,7.7863,6.7042,9.8106,6.804,5.506,14.599,5.6446,3,Parallel
9.1665,1.5514,2.5589,3.2685,5.508,0.37021,1.257,6.5305,4.7826,1.6901,3.7173,3.8052,9.5674,1.8226,4.6576,5.3629,2.8008,1.0324,8.7181,6.257,1.2217,5.8015,3.7297,1.849,3.5794,9.4664,3.2774,1.2362,4.3498,4.1236,2.4009,3.0544,3.9135,6.0747,9.6481,3,Parallel
3.4911,3.0195,1.5531,8.6224,8.069,2.4283,4.3795,5.6604,2.9646,2.5679,8.1223,3.8563,8.5433,10.348,3.1662,2.3919,6.2285,9.3474,4.2238,8.7467,5.8324,3.5338,2.2962,7.2177,1.6008,5.3682,2.0689,4.1742,6.7711,4.6652,5.9479,7.7146,3.7758,2.6515,4.3239,3,Parallel
2.4476,3.9298,3.7424,10.475,6.6524,5.2842,7.1028,6.6267,2.0774,6.5095,1.595,3.4068,2.5326,3.7836,10.486,2.3439,5.2929,6.4451,3.9603,5.7293,7.493,10.16,1.9806,3.8338,6.3262,1.9249,6.8918,5.5564,2.3226,6.7339,5.4367,1.0081,4.0883,6.1541,7.572,3,Parallel
6.5024,1.2141,10.452,1.885,12.026,5.4027,2.7037,2.6047,5.3365,1.8495,4.9515,2.606,3.3805,9.3967,1.8099,11.236,5.2114,3.1857,0.64032,6.8147,9.7405,4.6628,3.9311,4.9755,13.223,11.947,13.313,4.6175,13.956,14.174,12.911,3.0488,8.1674,3.6807,5.3188,3,Parallel
1.9501,9.4902,3.1859,3.3466,8.1063,6.2114,3.6797,6.5503,8.9166,7.4336,7.3697,3.2638,6.635,4.3211,5.8709,5.1993,4.7648,3.4554,5.5344,11.261,6.4117,6.0192,9.4921,4.9501,13.704,1.3974,7.9628,15.886,8.9711,5.3941,13.819,8.2076,5.2878,10.604,1.3244,3,Parallel
5.235,1.0703,5.1849,1.8569,9.363,4.8091,2.5772,1.9157,0.14618,13.811,1.0017,1.8893,1.8694,6.5047,5.4377,6.9203,13.388,3.736,3.7265,3.2397,4.8157,8.151,1.635,6.4098,4.6754,6.2077,3.9994,5.0331,4.4922,5.2342,5.7477,3.1349,1.8988,7.2935,9.8037,3,Parallel
12.9,11.821,1.9362,7.273,5.8122,7.4904,5.7436,2.6341,6.2513,3.634,4.3471,6.4155,5.8558,9.1931,3.6509,9.8101,3.7241,4.4506,3.1777,4.7445,6.377,1.8363,3.5016,5.7853,9.7543,5.9445,7.7723,3.4611,2.4013,4.8521,12.805,5.8919,3.1722,9.1743,5.5926,3,Parallel
1.6111,8.3576,5.1837,2.2818,2.0548,4.2069,0.86767,9.2162,6.0492,5.8811,2.1971,6.6929,2.7075,4.6768,6.7272,6.1627,3.6618,5.6632,2.3608,5.705,8.9675,5.5303,5.73,6.3222,6.3907,8.3722,5.9291,8.7757,5.9919,9.083,2.5444,1.9872,4.0652,4.4377,11.427,3,Parallel
9.8354,2.6338,4.4085,13.488,8.6434,0.64438,7.2346,12.718,7.3606,2.9795,5.0791,2.3069,8.8677,1.7308,8.8416,6.7198,2.7778,6.1373,5.1338,2.3073,8.1406,8.8024,6.0064,5.731,2.7987,2.5455,1.9645,1.6561,5.3288,2.8221,4.1547,7.0249,5.8595,6.726,8.2169,3,Parallel
7.3821,4.6952,2.9727,8.1191,2.7532,2.709,2.7015,5.2714,3.7925,5.0031,8.3672,8.6657,5.3971,4.0108,7.2064,2.5248,4.011,1.2483,5.7158,5.2554,2.744,6.8333,4.7973,6.4067,2.0584,3.056,2.4961,2.9135,4.3495,3.7409,5.4699,4.2527,7.7005,2.9797,4.7133,3,Parallel
4.4229,5.026,3.1975,7.4694,3.8972,6.9327,5.7453,3.4994,11.023,1.7565,2.9919,3.1175,1.6198,6.0098,6.7352,4.7626,2.0182,6.0672,4.0566,5.5375,6.8262,5.8751,10.501,2.0789,7.5348,4.2571,0.34694,3.0654,3.0201,5.5528,4.1582,6.4743,3.5631,3.3078,2.66,3,Parallel
13.815,5.671,6.3195,3.6584,1.9808,6.7785,6.184,3.9918,3.635,3.4203,5.1108,3.3403,0.94975,10.239,4.1596,2.9768,9.7829,2.9149,7.4597,9.1385,8.1578,4.2385,5.4076,5.2117,9.0859,6.2764,3.509,5.1668,2.6705,2.7202,0.81635,7.6762,3.2555,4.4647,4.8605,3,Parallel
11.662,12.486,16.853,17.907,3.7993,5.3234,4.1047,17.22,10.586,12.271,2.6694,3.4487,9.9212,12.316,9.629,14.991,13.631,7.4858,7.3144,3.4986,9.6857,18.137,7.8097,4.5493,8.7776,3.7866,9.833,14.863,11.299,2.0835,7.0901,9.6063,7.7833,12.943,6.4509,3,Parallel
2.3072,5.1507,13.167,3.8315,8.0028,10.351,5.7732,12.285,2.0843,10.038,6.2556,3.0697,12.178,10.191,3.3566,10.695,2.3478,1.559,8.9655,5.2019,8.3087,5.7677,2.1918,6.2033,7.2386,3.533,5.3684,5.5609,1.1683,10.977,2.8158,6.1219,7.6271,5.0161,10.077,3,Parallel
5.9387,4.2752,6.2584,0.38331,5.0437,8.8445,9.2793,6.6706,2.7549,2.7744,4.9709,2.3505,4.8687,1.052,8.8427,4.6408,2.8481,4.499,1.5545,4.0521,3.9581,4.1796,5.5324,5.1249,3.0847,1.9587,5.3522,2.6088,7.273,3.0981,5.4176,4.316,5.2161,3.0445,2.3942,3,Parallel
1.4853,7.9931,11.179,11.806,9.3571,4.4452,5.8215,2.4075,2.7494,5.889,5.698,12.402,5.8946,3.1077,10.605,7.703,7.567,9.5941,5.2258,7.1806,2.1622,2.1927,9.2191,3.2339,4.2106,14.279,10.245,4.4192,9.4551,4.4281,3.737,4.5116,5.6957,3.8628,4.7157,3,Parallel
2.7466,2.1715,4.5194,0.46672,9.7782,1.032,2.407,5.3477,6.7579,10.351,6.0403,1.2858,3.5707,5.2041,5.331,6.065,3.538,6.0167,4.4392,8.0859,3.6718,5.166,0.87015,3.2007,2.165,3.759,4.6616,3.5969,8.3071,8.0965,4.2597,6.6592,11.852,2.5703,6.2332,3,Parallel
7.7055,7.4821,3.3523,9.1129,5.4085,14.395,5.9215,11.749,8.6878,9.6963,5.7271,13.44,10.56,5.3712,8.0383,6.3871,1.8347,4.4102,3.2188,3.752,9.5807,1.0949,7.8056,2.8884,7.4657,5.9232,6.8919,5.6285,6.5436,2.6359,6.8826,9.1765,6.6299,3.8564,16.068,3,Parallel
7.1043,0.57915,3.1643,3.5032,0.73665,4.3588,3.9851,4.4572,5.0595,1.7079,0.52507,1.8415,3.4541,7.368,1.9314,1.89,6.6466,7.0912,5.5602,4.5674,5.634,1.9652,2.5859,5.0801,8.835,5.6155,4.7574,2.2072,6.0938,1.838,5.7303,0.96231,3.1212,1.5753,5.0067,3,Parallel
2.0874,4.0075,4.5327,4.7574,6.2662,6.3358,2.9378,7.7722,14.086,2.9009,5.7053,2.7882,4.6556,1.3416,6.7838,4.2173,3.672,4.9319,0.56581,6.6878,3.7705,11.36,6.2074,2.0303,4.6702,7.9528,11.773,4.5948,2.8377,4.1615,6.159,5.7541,2.5021,2.155,4.4864,3,Parallel
2.0657,7.2673,3.3492,1.441,3.3801,5.3961,1.5232,8.0786,4.5666,5.5897,3.1897,5.8451,1.1582,4.0701,1.6744,4.1491,1.6721,4.5323,4.8086,1.8299,7.3259,4.4983,3.5072,7.9525,5.9768,5.085,6.0141,6.686,4.1575,2.7955,3.0932,6.9698,4.038,7.4849,7.1073,3,Parallel
0.98956,3.4204,4.7659,2.4045,3.5631,4.6852,1.1687,2.0124,4.6891,7.7659,0.96883,6.4963,1.9211,3.8605,3.1164,5.5813,2.9638,3.2933,0.54483,4.6742,8.2093,5.3855,1.08,10.115,2.554,1.2599,2.768,2.8029,4.243,4.6173,3.2873,3.0738,7.2572,2.9042,2.2148,3,Parallel
12.498,9.5646,12.198,0.15098,3.6731,4.1325,3.3368,5.1708,4.1183,11.886,10.132,10.381,12.111,6.6907,7.0023,12.66,7.3488,0.40129,11.099,18.146,4.612,8.9261,4.4803,10.522,3.0073,3.7022,1.796,11.968,13.642,13.755,1.6395,10.528,3.2149,2.2413,2.9848,3,Parallel
4.6766,7.6425,4.3713,0.92223,6.763,5.3274,7.4056,8.1317,9.6422,4.8046,3.455,7.0957,1.0458,1.2887,0.89778,3.3281,5.4048,4.0072,6.3286,2.0517,1.0342,3.022,7.0998,5.781,6.4366,6.2238,5.6741,4.5074,2.8579,5.4124,3.0461,1.8001,3.2639,7.8918,8.5994,3,Parallel
0.29757,12.97,7.8322,4.9738,4.9834,7.7766,8.9225,3.4355,3.4322,3.5731,2.1802,0.66391,2.8763,8.7215,8.3725,1.441,2.3012,5.4664,3.6904,3.2003,3.2505,6.8665,2.1599,5.4885,6.0822,6.9995,5.2742,1.5521,3.0051,2.7194,4.0587,3.5328,2.2204,3.2101,1.763,3,Parallel
5.1828,3.7372,8.0425,1.8886,4.9286,8.854,5.5165,10.859,5.4186,1.3729,1.4169,3.8744,2.5426,1.673,6.8958,10.727,4.414,3.2468,8.7271,1.8428,3.6641,3.6555,1.0639,3.1015,2.1777,7.3262,4.731,5.0562,6.833,6.7683,6.9252,1.5802,4.6471,7.1283,2.8898,3,Parallel
2.593,8.5556,3.0065,8.9182,7.4122,4.8468,6.2887,4.9179,3.578,12.657,6.0108,1.2534,4.6195,2.7537,2.4161,10.96,7.2277,1.9129,5.1077,3.3494,6.6137,11.357,5.7166,9.5629,9.5274,0.8219,3.8963,7.5452,7.7052,8.8792,8.7166,3.5467,7.6999,7.7923,2.2012,3,Parallel
6.4108,2.321,9.1025,2.9118,6.8991,0.31307,5.7387,1.7357,3.2775,2.8155,5.8782,10.014,4.3979,4.7312,4.805,5.1303,7.0971,3.9484,10.049,5.7474,5.828,7.9097,13.709,5.4543,5.2343,4.0628,1.9658,0.69107,10.327,9.5401,5.4855,3.3911,3.4109,0.53527,8.5256,3,Parallel
1.4759,0.69077,2.5797,4.1682,13.913,4.8084,6.4415,5.436,2.2502,11.612,4.0017,9.1342,12.172,7.6689,5.46,7.9116,13.653,4.3265,5.5884,3.968,5.1905,4.0099,5.4072,9.6361,6.6802,4.0411,6.2066,1.9909,1.7261,6.8159,12.48,0.44436,5.4964,7.3467,10.73,3,Parallel
2.0464,6.51,6.3488,9.1164,10.327,4.0832,8.2848,4.5494,2.7117,3.7115,0.66578,12.907,9.0943,3.991,6.8083,2.7952,1.246,1.2173,3.7029,8.2098,5.479,4.3273,2.4611,7.6567,6.8504,6.0053,7.3603,2.1689,5.5437,7.1061,5.2363,6.7441,3.3093,9.3267,10.613,3,Parallel
2.055,4.2901,15.258,7.2276,11.466,11.229,2.5181,3.2568,13.415,7.1199,8.1822,14.592,13.17,6.7057,4.4862,8.5872,9.656,2.8667,9.1254,6.3026,2.6517,9.6677,12.533,17.453,9.9217,1.9124,2.3399,5.7872,3.0275,12.346,7.7792,19.323,12.978,10.874,6.4949,3,Parallel
1.0466,3.3928,4.7879,5.4745,2.2664,3.8514,6.5286,2.949,4.2565,6.8053,3.3763,7.3331,1.2956,7.1893,3.3321,4.2359,7.6882,1.6187,6.5705,2.8751,5.0372,3.2163,1.1361,7.965,5.149,3.5508,2.4391,11.132,8.1406,4.0818,2.5612,6.865,0.73558,1.6303,1.4302,3,Parallel
